STFIP,COFIP,NAME,ST,LON,LAT,POP,ALAND,AWATER,CBSA
1,1,Autauga,AL,-86.487813,32.500194,58805,594.456,9.913,33860
1,3,Baldwin,AL,-87.761478,30.537396,231767,1589.836,437.437,19300
1,5,Barbour,AL,-85.301306,31.843981,25223,885.008,19.507,21640
1,7,Bibb,AL,-87.136826,33.032236,22293,622.47,3.696,13820
1,9,Blount,AL,-86.592667,33.954604,59134,644.891,5.738,13820
1,15,Calhoun,AL,-85.817974,33.727215,116441,605.889,6.385,11500
1,17,Chambers,AL,-85.25964,32.85644,34772,596.561,6.553,29300
1,21,Chilton,AL,-86.688861,32.879146,45014,692.837,7.951,13820
1,31,Coffee,AL,-85.899556,31.353217,53465,678.986,1.509,21460
1,33,Colbert,AL,-87.681892,34.724339,57227,592.953,30.564,22520
1,37,Coosa,AL,-86.156212,32.976884,10387,650.909,15.441,45180
1,43,Cullman,AL,-86.83269,34.162652,87866,734.738,20.283,18980
1,45,Dale,AL,-85.63771,31.383858,49326,561.113,1.564,37120
1,47,Dallas,AL,-87.035342,32.411818,38462,978.738,15.106,42820
1,49,DeKalb,AL,-85.817465,34.452725,71608,777.077,1.586,22840
1,51,Elmore,AL,-86.225332,32.558527,87977,618.515,38.526,33860
1,55,Etowah,AL,-86.025892,34.012182,103436,535.105,13.522,23460
1,59,Franklin,AL,-87.793592,34.463509,32113,633.92,12.602,40770
1,61,Geneva,AL,-85.781426,31.094511,26659,574.485,4.466,20020
1,63,Greene,AL,-87.924522,32.833838,7730,647.023,12.902,46220
1,65,Hale,AL,-87.627964,32.783251,14785,643.99,12.511,46220
1,67,Henry,AL,-85.271132,31.469275,17146,561.763,6.546,20020
1,69,Houston,AL,-85.39632,31.204793,107202,579.826,1.852,20020
1,71,Jackson,AL,-85.943552,34.727289,52579,1078.015,48.778,42460
1,73,Jefferson,AL,-86.811606,33.517206,674721,1111.531,12.619,13820
1,77,Lauderdale,AL,-87.608858,34.865524,93564,668.014,51.586,22520
1,79,Lawrence,AL,-87.27158,34.540863,33073,690.684,26.518,19460
1,81,Lee,AL,-85.359778,32.592265,174241,607.543,8.307,12220
1,83,Limestone,AL,-86.922366,34.803982,103570,559.963,47.224,26620
1,85,Lowndes,AL,-86.615186,32.164241,10311,716.085,8.985,33860
1,87,Macon,AL,-85.711764,32.429073,19532,608.665,4.543,12220
1,89,Madison,AL,-86.61533,34.742996,388153,801.601,11.114,26620
1,95,Marshall,AL,-86.291329,34.311249,97612,565.845,57.334,10700
1,97,Mobile,AL,-88.175178,30.684049,414809,1229.374,414.678,33660
1,101,Montgomery,AL,-86.233787,32.346473,228954,785.35,14.563,33860
1,103,Morgan,AL,-86.931981,34.513887,123421,579.67,19.381,19460
1,107,Pickens,AL,-88.074381,33.284667,19123,881.408,8.734,46220
1,109,Pike,AL,-85.946994,31.786041,33009,672.067,0.903,45980
1,113,Russell,AL,-85.054594,32.414904,59183,641.182,6.009,17980
1,115,St. Clair,AL,-86.374875,33.660943,91103,631.57,21.788,13820
1,117,Shelby,AL,-86.73899,33.290336,223024,785.44,24.05,13820
1,121,Talladega,AL,-86.165876,33.376936,82149,736.817,23.504,45180
1,123,Tallapoosa,AL,-85.864016,32.851728,41311,716.528,49.726,10760
1,125,Tuscaloosa,AL,-87.518474,33.214817,227036,1320.848,30.387,46220
1,127,Walker,AL,-87.250515,33.834217,65342,791.03,14.163,13820
2,20,Anchorage,AK,-149.792287,61.191547,291247,1706.8,239.886,11260
2,90,Fairbanks North Star,AK,-147.623249,64.831239,95655,7334.809,100.133,21820
2,110,Juneau,AK,-134.533023,58.360173,32255,2704.031,550.671,27940
2,130,Ketchikan Gateway,AK,-131.678418,55.369105,13948,4856.927,1795.997,28540
2,170,Matanuska-Susitna,AK,-149.432649,61.607247,107081,24706.967,558.548,11260
4,3,Cochise,AZ,-110.072835,31.603486,125447,6209.75,6.82,43420
4,5,Coconino,AZ,-111.601825,35.476113,145101,18616.355,45.032,22380
4,7,Gila,AZ,-111.015003,33.844439,53272,4757.33,37.494,37740
4,9,Graham,AZ,-109.808107,32.867145,38533,4621.877,18.331,40940
4,13,Maricopa,AZ,-112.044016,33.490147,4420568,9201.792,24.21,38060
4,15,Mohave,AZ,-114.262415,35.034511,213267,13332.118,128.727,29420
4,17,Navajo,AZ,-110.205157,34.862151,106717,9949.491,9.315,43320
4,19,Pima,AZ,-110.95803,32.216427,1043433,9188.69,1.974,46060
4,21,Pinal,AZ,-111.602135,33.069323,425264,5366.047,8.627,38060
4,23,Santa Cruz,AZ,-110.945948,31.439234,47669,1236.242,1.185,35700
4,25,Yavapai,AZ,-112.273841,34.628734,236209,8122.872,4.445,39150
4,27,Yuma,AZ,-114.605444,32.641391,203881,5513.838,5.117,49740
5,5,Baxter,AR,-92.383935,36.331791,41627,553.926,32.783,34260
5,7,Benton,AR,-94.230342,36.335056,284333,847.721,36.608,22220
5,9,Boone,AR,-93.098769,36.266608,37373,589.723,12.277,25460
5,13,Calhoun,AR,-92.500683,33.585989,4739,628.601,3.817,15780
5,19,Clark,AR,-93.123962,34.099325,21446,865.971,16.975,11660
5,25,Cleveland,AR,-92.136375,33.912967,7550,597.914,0.989,38220
5,27,Columbia,AR,-93.247178,33.258766,22801,766.065,0.767,31620
5,31,Craighead,AR,-90.669235,35.835762,111231,707.158,5.533,27860
5,33,Crawford,AR,-94.285922,35.494096,60133,595.269,10.625,22900
5,35,Crittenden,AR,-90.213521,35.176704,48163,612.865,31.54,32820
5,45,Faulkner,AR,-92.406071,35.105697,123498,647.246,16.841,30780
5,51,Garland,AR,-93.080729,34.505767,100180,677.643,56.897,26300
5,53,Grant,AR,-92.412583,34.311672,17958,631.885,1.118,30780
5,55,Greene,AR,-90.522562,36.071536,45736,577.34,2.036,37500
5,59,Hot Spring,AR,-92.895511,34.353569,33040,614.944,7.23,31680
5,63,Independence,AR,-91.607338,35.750729,37938,763.712,7.819,12900
5,69,Jefferson,AR,-92.045118,34.234814,67260,872.367,43.657,38220
5,81,Little River,AR,-94.198663,33.700349,12026,531.255,32.091,45500
5,85,Lonoke,AR,-91.973917,34.916983,74015,771.448,31.938,30780
5,87,Madison,AR,-93.757685,36.062896,16521,834.228,2.879,22220
5,91,Miller,AR,-93.987198,33.402394,42600,624.04,14.227,45500
5,93,Mississippi,AR,-90.001606,35.843368,40685,902.093,27.886,14180
5,101,Newton,AR,-93.165658,35.982591,7225,821.072,2.292,25460
5,103,Ouachita,AR,-92.838686,33.573847,22650,732.721,7.022,15780
5,105,Perry,AR,-92.777667,34.998711,10019,551.377,9.432,30780
5,111,Poinsett,AR,-90.558401,35.604751,22965,758.295,5.364,27860
5,115,Pope,AR,-93.096833,35.309054,63381,811.128,19.84,40780
5,119,Pulaski,AR,-92.315081,34.775246,399125,758.308,49.031,30780
5,123,St. Francis,AR,-90.774948,35.016355,23090,634.784,7.729,22620
5,125,Saline,AR,-92.546119,34.596991,123416,723.532,6.933,30780
5,131,Sebastian,AR,-94.354788,35.318718,127799,531.182,13.071,22900
5,139,Union,AR,-92.65198,33.207421,39054,1039.067,16.256,20980
5,143,Washington,AR,-94.172336,36.09592,245871,941.471,10.79,22220
5,145,White,AR,-91.773595,35.239408,76822,1034.079,7.936,42620
5,149,Yell,AR,-93.28293,35.127752,20263,930.211,17.908,40780
6,1,Alameda,CA,-122.098766,37.706599,1682353,737.462,83.747,41860
6,3,Alpine,CA,-119.847822,38.728485,1204,738.34,4.848,23820
6,7,Butte,CA,-121.72651,39.658926,211632,1636.49,40.641,17020
6,13,Contra Costa,CA,-122.024961,37.93501,1165927,716.929,86.981,41860
6,15,Del Norte,CA,-124.164236,41.790833,27743,1006.228,223.454,18860
6,17,El Dorado,CA,-120.761446,38.741021,191185,1707.85,78.511,40900
6,19,Fresno,CA,-119.765291,36.743848,1008654,5958.383,52.745,23420
6,23,Humboldt,CA,-124.088127,40.757636,136463,3568.188,484.066,21700
6,25,Imperial,CA,-115.540049,32.841599,179702,4175.539,305.104,20940
6,27,Inyo,CA,-118.268567,37.171422,19016,10197.261,29.838,13860
6,29,Kern,CA,-118.941786,35.369809,909235,8134.646,30.273,12540
6,31,Kings,CA,-119.726922,36.252657,152486,1390.972,1.222,25260
6,33,Lake,CA,-122.732922,38.976233,68163,1256.551,72.876,17340
6,35,Lassen,CA,-120.584467,40.393749,32730,4541.34,178.775,45000
6,37,Los Angeles,CA,-118.24599,34.067886,10014009,4059.282,690.158,31080
6,39,Madera,CA,-120.009796,37.037074,156255,2136.918,16.321,23420
6,41,Marin,CA,-122.546657,37.986474,262321,520.423,307.753,41860
6,45,Mendocino,CA,-123.394154,39.285646,91601,3506.824,371.33,46380
6,47,Merced,CA,-120.628944,37.274812,281202,1938.004,40.648,32900
6,53,Monterey,CA,-121.646692,36.614681,439035,3281.723,489.498,41500
6,55,Napa,CA,-122.319983,38.325108,138019,748.279,40.256,34900
6,57,Nevada,CA,-120.915206,39.220021,102241,957.76,16.036,46020
6,59,Orange,CA,-117.858773,33.732683,3186989,792.841,156.871,31080
6,61,Placer,CA,-121.198379,38.839708,404739,1407.075,95.161,40900
6,65,Riverside,CA,-117.076969,33.799274,2418185,7209.269,93.901,40140
6,67,Sacramento,CA,-121.381235,38.568337,1585055,965.271,29.091,40900
6,69,San Benito,CA,-121.402614,36.843074,64209,1388.652,1.822,41940
6,71,San Bernardino,CA,-117.359766,34.190969,2181654,20068.011,37.223,40140
6,73,San Diego,CA,-117.112348,32.884418,3298634,4210.234,315.568,41740
6,75,San Francisco,CA,-122.436499,37.760569,873965,46.914,185.0,41860
6,77,San Joaquin,CA,-121.302289,37.924541,779233,1392.37,34.374,44700
6,79,San Luis Obispo,CA,-120.665804,35.341822,282424,3300.854,314.912,42020
6,81,San Mateo,CA,-122.339869,37.563575,764442,448.621,292.327,41860
6,83,Santa Barbara,CA,-120.1029,34.645128,448229,2733.936,1053.755,42200
6,85,Santa Clara,CA,-121.91109,37.315518,1936259,1291.084,12.971,41940
6,87,Santa Cruz,CA,-121.938739,36.986338,270861,445.108,162.053,42100
6,89,Shasta,CA,-122.300147,40.578348,182155,3775.52,71.876,39820
6,95,Solano,CA,-122.067272,38.236295,453491,821.829,84.409,46700
6,97,Sonoma,CA,-122.720368,38.412281,488863,1575.63,192.311,42220
6,99,Stanislaus,CA,-120.955882,37.618447,552878,1496.017,17.897,33700
6,101,Sutter,CA,-121.643973,39.137197,99633,602.696,5.719,49700
6,103,Tehama,CA,-122.219057,40.114795,65829,2949.137,13.038,39780
6,107,Tulare,CA,-119.23454,36.254134,473117,4823.899,14.387,47300
6,109,Tuolumne,CA,-120.325224,37.972006,55620,2220.911,53.54,43760
6,111,Ventura,CA,-119.025486,34.242809,843843,1840.789,365.772,37100
6,113,Yolo,CA,-121.718874,38.598163,216403,1014.733,8.833,40900
6,115,Yuba,CA,-121.510607,39.131905,81575,632.006,12.002,49700
8,1,Adams,CO,-104.920943,39.876949,519572,1166.735,16.873,19740
8,3,Alamosa,CO,-105.877629,37.481888,16376,722.645,0.645,10480
8,5,Arapahoe,CO,-104.838574,39.646582,655070,797.86,7.646,19740
8,13,Boulder,CO,-105.180215,40.062992,330758,726.383,14.088,14500
8,14,Broomfield,CO,-105.058131,39.939871,74112,32.968,0.58,19740
8,19,Clear Creek,CO,-105.532527,39.713458,9397,395.073,1.264,19740
8,21,Conejos,CO,-105.987323,37.199613,7461,1287.428,3.566,10480
8,23,Costilla,CO,-105.444296,37.29223,3499,1227.593,3.409,10480
8,31,Denver,CO,-104.950033,39.72486,715522,153.075,1.651,19740
8,35,Douglas,CO,-104.87357,39.482023,357978,840.245,2.624,19740
8,37,Eagle,CO,-106.733421,39.600516,55731,1684.469,7.324,20780
8,39,Elbert,CO,-104.52311,39.388552,26062,1850.836,0.171,19740
8,41,El Paso,CO,-104.75212,38.877314,730395,2126.416,2.73,17820
8,43,Fremont,CO,-105.214303,38.426941,48939,1533.87,0.863,15860
8,45,Garfield,CO,-107.549019,39.507103,61685,2947.43,8.377,40090
8,47,Gilpin,CO,-105.483217,39.856062,5808,150.023,0.364,19740
8,59,Jefferson,CO,-105.130309,39.72369,582910,764.38,9.68,19740
8,65,Lake,CO,-106.30747,39.244814,7436,376.919,6.993,14720
8,67,La Plata,CO,-107.803947,37.266021,55638,1689.682,9.901,20420
8,69,Larimer,CO,-105.089155,40.504402,359066,2595.77,38.218,22660
8,75,Logan,CO,-103.185977,40.64034,21528,1838.598,6.318,44540
8,77,Mesa,CO,-108.546673,39.092942,155703,3328.721,12.352,24300
8,81,Moffat,CO,-107.613977,40.51606,13292,4743.244,7.646,44460
8,85,Montrose,CO,-107.922349,38.481301,42679,2240.946,1.901,33940
8,87,Morgan,CO,-103.789071,40.254229,29111,1280.485,13.383,22820
8,93,Park,CO,-105.625362,39.305737,17390,2193.51,16.803,19740
8,97,Pitkin,CO,-106.908716,39.231757,17358,970.701,2.499,40090
8,101,Pueblo,CO,-104.646976,38.265773,168162,2386.591,11.174,39380
8,107,Routt,CO,-106.89741,40.455504,24829,2362.02,6.113,44460
8,117,Summit,CO,-106.055673,39.572383,31055,608.328,10.931,14720
8,119,Teller,CO,-105.139899,38.944782,24710,557.075,1.915,17820
8,123,Weld,CO,-104.807009,40.322426,328981,3984.941,31.804,24540
10,1,Kent,DE,-75.55913,39.127081,181851,586.061,212.27,20100
10,3,New Castle,DE,-75.63529,39.678852,570719,426.337,67.69,37980
10,5,Sussex,DE,-75.331473,38.661794,237378,936.156,260.266,42580
11,1,District of Columbia,DC,-77.013993,38.910168,689545,61.126,7.224,47900
12,1,Alachua,FL,-82.391582,29.664721,278468,875.635,93.174,23540
12,3,Baker,FL,-82.184536,30.286374,28259,585.23,3.74,27260
12,5,Bay,FL,-85.670601,30.21282,175216,758.642,708.079,37460
12,9,Brevard,FL,-80.690892,28.225111,606612,1014.971,542.065,37340
12,11,Broward,FL,-80.226976,26.135399,1944375,1202.731,105.596,33100
12,15,Charlotte,FL,-82.117344,26.953831,186847,681.119,266.117,39460
12,17,Citrus,FL,-82.455213,28.865585,153843,581.918,378.823,26140
12,19,Clay,FL,-81.800487,30.087758,218245,604.611,38.933,27260
12,21,Collier,FL,-81.69257,26.203653,375752,1996.95,608.192,34940
12,23,Columbia,FL,-82.664496,30.122022,69698,797.551,3.767,29380
12,27,DeSoto,FL,-81.87051,27.1868,33976,636.695,2.411,11580
12,31,Duval,FL,-81.620436,30.298646,995567,762.646,155.817,27260
12,33,Escambia,FL,-87.277106,30.485666,321905,656.993,468.718,37860
12,35,Flagler,FL,-81.222102,29.521471,115378,486.201,84.627,19660
12,39,Gadsden,FL,-84.571737,30.593632,43826,516.375,12.153,45220
12,41,Gilchrist,FL,-82.808104,29.705263,17864,349.695,5.545,23540
12,43,Glades,FL,-81.189563,26.897019,12126,806.822,180.423,17500
12,51,Hendry,FL,-81.216144,26.726562,39619,1155.95,33.428,17500
12,53,Hernando,FL,-82.497025,28.504446,194515,472.966,242.444,45300
12,55,Highlands,FL,-81.444816,27.462632,101235,1017.66,89.061,42700
12,57,Hillsborough,FL,-82.39857,27.967264,1459762,1021.889,310.051,45300
12,61,Indian River,FL,-80.440738,27.671332,159788,502.81,114.097,42680
12,65,Jefferson,FL,-83.89133,30.502892,14510,598.079,74.542,45220
12,69,Lake,FL,-81.750668,28.716853,383956,951.552,205.211,36740
12,71,Lee,FL,-81.851845,26.576019,760822,781.009,733.819,15980
12,73,Leon,FL,-84.269682,30.466102,292198,668.43,33.363,45220
12,75,Levy,FL,-82.662921,29.380119,42915,1118.223,472.733,23540
12,81,Manatee,FL,-82.520478,27.478313,399710,742.762,221.269,35840
12,83,Marion,FL,-82.126125,29.135817,375908,1588.422,74.24,36100
12,85,Martin,FL,-80.245706,27.145869,158431,543.822,209.303,38940
12,86,Miami-Dade,FL,-80.30118,25.769326,2701767,1899.904,489.417,33100
12,87,Monroe,FL,-81.244796,24.747427,82874,983.042,4306.523,28580
12,89,Nassau,FL,-81.63434,30.608318,90352,648.681,77.24,27260
12,91,Okaloosa,FL,-86.565567,30.551645,211668,930.194,316.495,18880
12,93,Okeechobee,FL,-80.824315,27.271934,39644,769.164,122.751,36380
12,95,Orange,FL,-81.388371,28.526077,1429908,902.024,101.411,36740
12,97,Osceola,FL,-81.39037,28.269056,388656,1327.546,178.431,36740
12,99,Palm Beach,FL,-80.143701,26.616523,1492191,1964.299,418.902,33100
12,101,Pasco,FL,-82.51024,28.258217,561891,746.619,268.139,45300
12,103,Pinellas,FL,-82.727015,27.900189,959107,273.705,588.837,45300
12,105,Polk,FL,-81.786864,28.042479,725046,1797.764,212.649,29460
12,107,Putnam,FL,-81.721195,29.60923,73321,728.364,98.557,37260
12,109,St. Johns,FL,-81.434924,29.991793,273425,600.644,220.89,27260
12,111,St. Lucie,FL,-80.357144,27.333592,329226,571.66,116.181,38940
12,113,Santa Rosa,FL,-87.035767,30.547226,188000,1012.401,209.767,37860
12,115,Sarasota,FL,-82.416033,27.201139,434006,556.002,419.55,35840
12,117,Seminole,FL,-81.310073,28.699171,470856,309.379,35.96,36740
12,119,Sumter,FL,-82.024754,28.83348,129752,557.133,22.693,48680
12,127,Volusia,FL,-81.126278,29.072351,553543,1101.312,331.126,19660
12,129,Wakulla,FL,-84.332906,30.187394,33764,606.418,310.469,45220
12,131,Walton,FL,-86.19019,30.543793,75305,1038.293,371.156,18880
12,133,Washington,FL,-85.62387,30.649403,25318,584.677,31.277,37460
13,3,Atkinson,GA,-82.878111,31.317495,8286,342.718,1.815,20060
13,9,Baldwin,GA,-83.243621,33.085482,43799,258.698,9.578,33300
13,13,Barrow,GA,-83.728597,33.992491,83505,161.037,1.896,12060
13,15,Bartow,GA,-84.829148,34.208535,108901,458.909,10.568,12060
13,17,Ben Hill,GA,-83.24814,31.727139,17194,250.118,3.789,22340
13,21,Bibb,GA,-83.690072,32.834626,157346,249.383,5.523,31420
13,25,Brantley,GA,-81.970017,31.217234,18021,443.235,3.974,15260
13,27,Brooks,GA,-83.54227,30.841118,16301,493.184,4.616,46660
13,29,Bryan,GA,-81.353407,31.958731,44738,437.562,16.894,42340
13,31,Bulloch,GA,-81.762378,32.415313,81099,675.963,12.675,44340
13,33,Burke,GA,-82.002339,33.103215,24596,827.037,7.946,12260
13,35,Butts,GA,-83.972919,33.294854,25434,183.69,4.351,12060
13,39,Camden,GA,-81.631375,30.812543,54768,630.359,151.548,28680
13,45,Carroll,GA,-85.043815,33.623974,119148,499.135,4.643,12060
13,47,Catoosa,GA,-85.172189,34.928524,67872,162.162,0.298,16860
13,51,Chatham,GA,-81.136643,32.043151,295291,433.119,196.855,42340
13,53,Chattahoochee,GA,-84.896374,32.342797,9565,248.737,2.424,17980
13,55,Chattooga,GA,-85.344042,34.496004,24965,313.327,0.22,44900
13,57,Cherokee,GA,-84.494745,34.170504,266620,421.082,13.293,12060
13,59,Clarke,GA,-83.381417,33.950374,128671,119.223,1.81,12020
13,63,Clayton,GA,-84.361187,33.551579,297595,141.653,2.688,12060
13,67,Cobb,GA,-84.557976,33.941801,766149,339.78,4.767,12060
13,69,Coffee,GA,-82.838428,31.515718,43092,592.27,10.38,20060
13,71,Colquitt,GA,-83.767871,31.179661,45898,547.037,9.602,34220
13,73,Columbia,GA,-82.175338,33.514668,156010,290.191,17.511,12260
13,77,Coweta,GA,-84.73346,33.377998,146158,441.07,4.896,12060
13,79,Crawford,GA,-83.930196,32.706715,12130,324.914,1.539,31420
13,81,Crisp,GA,-83.778048,31.949314,20128,272.68,8.266,18380
13,83,Dade,GA,-85.497925,34.881193,16251,173.972,0.189,16860
13,85,Dawson,GA,-84.102212,34.400246,26798,210.828,3.58,12060
13,87,Decatur,GA,-84.569999,30.889772,29367,597.239,25.929,12460
13,89,DeKalb,GA,-84.247613,33.790223,764382,267.74,3.42,12060
13,95,Dougherty,GA,-84.171202,31.574147,85790,328.644,5.928,10500
13,97,Douglas,GA,-84.735518,33.724594,144237,200.138,0.936,12060
13,101,Echols,GA,-83.050326,30.712259,3697,420.407,0.313,46660
13,103,Effingham,GA,-81.299809,32.287329,64769,478.829,4.074,42340
13,109,Evans,GA,-81.906627,32.168708,10774,182.895,3.975,44340
13,113,Fayette,GA,-84.513188,33.428121,119194,194.56,4.948,12060
13,115,Floyd,GA,-85.183346,34.256222,98584,509.811,8.654,40660
13,117,Forsyth,GA,-84.150182,34.190488,251283,224.618,22.567,12060
13,121,Fulton,GA,-84.396191,33.832534,1066710,526.695,7.593,12060
13,127,Glynn,GA,-81.486211,31.202596,84499,419.636,165.679,15260
13,129,Gordon,GA,-84.907765,34.498248,57544,356.443,2.212,15660
13,131,Grady,GA,-84.212447,30.881836,26236,454.462,5.802,45620
13,135,Gwinnett,GA,-84.053177,33.954137,957062,430.756,6.028,12060
13,137,Habersham,GA,-83.541387,34.565656,46031,276.868,2.189,18460
13,139,Hall,GA,-83.847644,34.26936,203136,392.988,36.289,23580
13,143,Haralson,GA,-85.184723,33.760719,29919,282.165,1.01,12060
13,145,Harris,GA,-84.894283,32.69754,34668,463.802,9.155,17980
13,149,Heard,GA,-85.116748,33.307964,11412,295.973,5.121,12060
13,151,Henry,GA,-84.174632,33.470292,240712,318.708,7.827,12060
13,153,Houston,GA,-83.663692,32.565757,163633,376.046,3.857,47580
13,157,Jackson,GA,-83.599045,34.129495,75907,339.658,3.42,27600
13,159,Jasper,GA,-83.726512,33.358288,14588,368.406,5.058,12060
13,167,Johnson,GA,-82.684511,32.699439,9189,303.019,3.574,20140
13,169,Jones,GA,-83.550237,32.961196,28347,393.942,1.475,31420
13,173,Lanier,GA,-83.097639,31.037307,9877,196.538,3.251,46660
13,175,Laurens,GA,-82.925405,32.517494,49570,807.336,11.135,20140
13,177,Lee,GA,-84.177116,31.680634,33163,355.882,5.911,10500
13,179,Liberty,GA,-81.5777,31.828772,65256,516.471,86.056,25980
13,181,Lincoln,GA,-82.445454,33.780601,7690,210.381,46.917,12260
13,183,Long,GA,-81.731661,31.775868,16168,400.39,3.422,25980
13,185,Lowndes,GA,-83.281437,30.860299,118251,497.239,13.337,46660
13,187,Lumpkin,GA,-83.988151,34.524477,33488,282.944,1.265,12060
13,189,McDuffie,GA,-82.468712,33.459579,21632,257.372,8.924,12260
13,191,McIntosh,GA,-81.405656,31.480147,10975,431.354,142.535,15260
13,195,Madison,GA,-83.240303,34.101336,30120,282.324,3.262,12020
13,197,Marion,GA,-84.524649,32.382601,7498,365.72,1.463,17980
13,199,Meriwether,GA,-84.675396,33.016626,20613,500.907,4.182,12060
13,207,Monroe,GA,-83.909101,33.037037,27957,396.092,2.179,31420
13,209,Montgomery,GA,-82.52948,32.173336,8610,241.145,3.549,47080
13,211,Morgan,GA,-83.485701,33.600047,20097,347.411,7.209,12060
13,213,Murray,GA,-84.79164,34.781729,39973,344.494,2.208,19140
13,215,Muscogee,GA,-84.928926,32.495642,206922,216.495,4.516,17980
13,217,Newton,GA,-83.898026,33.570575,112483,273.804,5.395,12060
13,219,Oconee,GA,-83.464103,33.876988,41799,184.342,2.033,12020
13,221,Oglethorpe,GA,-83.147433,33.918851,14825,439.062,2.976,12020
13,223,Paulding,GA,-84.814237,33.913898,168661,312.35,2.012,12060
13,225,Peach,GA,-83.822766,32.589118,27981,150.284,1.034,47580
13,227,Pickens,GA,-84.436004,34.455831,33216,232.059,0.653,12060
13,229,Pierce,GA,-82.242367,31.313022,19716,340.456,2.774,48180
13,231,Pike,GA,-84.366582,33.10478,18889,216.086,3.319,12060
13,233,Polk,GA,-85.174625,34.010871,42853,310.336,1.804,16340
13,239,Quitman,GA,-85.078114,31.859563,2235,151.237,9.328,21640
13,245,Richmond,GA,-82.051886,33.427932,206607,324.34,4.245,12260
13,247,Rockdale,GA,-84.019225,33.642136,93570,129.818,2.278,12060
13,249,Schley,GA,-84.306635,32.241832,4547,166.909,0.915,11140
13,255,Spalding,GA,-84.271569,33.258944,67306,195.97,3.62,12060
13,257,Stephens,GA,-83.289701,34.558402,26784,178.864,5.033,45740
13,259,Stewart,GA,-84.758019,32.068608,5314,458.748,4.864,17980
13,261,Sumter,GA,-84.222402,32.061409,29616,482.877,9.734,11140
13,263,Talbot,GA,-84.58298,32.700716,5733,391.377,3.385,17980
13,273,Terrell,GA,-84.429026,31.77202,9185,335.791,1.912,10500
13,275,Thomas,GA,-83.947978,30.86927,45798,544.633,7.585,45620
13,277,Tift,GA,-83.513873,31.455071,41344,260.89,7.899,45700
13,279,Toombs,GA,-82.368674,32.185481,27030,364.013,6.979,47080
13,285,Troup,GA,-85.029721,33.038124,69426,414.009,31.953,29300
13,287,Turner,GA,-83.638274,31.70277,9006,285.417,4.563,45700
13,289,Twiggs,GA,-83.416707,32.702269,8022,359.26,3.375,31420
13,293,Upson,GA,-84.325253,32.90722,27700,323.467,4.087,45580
13,295,Walker,GA,-85.293092,34.838709,67654,446.39,0.646,16860
13,297,Walton,GA,-83.785302,33.795968,96673,326.821,3.179,12060
13,299,Ware,GA,-82.383829,31.226953,36251,899.242,8.745,48180
13,305,Wayne,GA,-81.916558,31.61057,30144,641.813,6.86,27700
13,313,Whitfield,GA,-84.966305,34.793647,102864,290.445,0.61,19140
13,321,Worth,GA,-83.85916,31.545333,20784,570.712,4.043,10500
15,1,Hawaii,HI,-155.428067,19.672735,200629,4028.449,1057.716,25900
15,3,Honolulu,HI,-157.917219,21.371521,1016508,600.625,1565.597,46520
15,5,Kalawao,HI,-156.982059,21.189607,82,11.991,40.836,27980
15,7,Kauai,HI,-159.438951,22.019834,73298,619.884,646.429,28180
15,9,Maui,HI,-156.491993,20.862853,164754,1161.53,1236.799,27980
16,1,Ada,ID,-116.313143,43.612091,494967,1052.014,8.556,14260
16,5,Bannock,ID,-112.425092,42.871117,87018,1112.491,35.55,38540
16,11,Bingham,ID,-112.346259,43.223106,47992,2093.732,26.499,13940
16,13,Blaine,ID,-114.299016,43.548124,24272,2637.738,17.242,25200
16,15,Boise,ID,-115.985316,43.90651,7610,1899.556,7.376,14260
16,17,Bonner,ID,-116.630197,48.23649,47110,1733.22,184.912,41760
16,19,Bonneville,ID,-111.994434,43.494825,123964,1865.982,34.307,26820
16,23,Butte,ID,-113.30219,43.697316,2574,2236.487,2.031,26820
16,25,Camas,ID,-114.754454,43.352907,1077,1074.234,4.459,25200
16,27,Canyon,ID,-116.625046,43.612485,231105,587.05,16.648,14260
16,31,Cassia,ID,-113.747762,42.487358,24655,2565.61,15.119,15420
16,39,Elmore,ID,-115.685056,43.117658,28666,3075.079,26.383,34300
16,41,Franklin,ID,-111.871828,42.098212,14194,663.019,4.692,30860
16,43,Fremont,ID,-111.616883,44.012878,13388,1863.96,32.217,39940
16,45,Gem,ID,-116.507732,43.883064,19123,559.769,4.823,14260
16,51,Jefferson,ID,-111.959043,43.68709,30891,1093.681,12.033,26820
16,53,Jerome,ID,-114.464966,42.699506,24237,597.543,4.984,46300
16,55,Kootenai,ID,-116.837402,47.738595,171362,1237.779,71.216,17660
16,57,Latah,ID,-116.934836,46.742589,39517,1075.867,0.915,34140
16,63,Lincoln,ID,-114.333319,42.971703,5127,1201.364,4.474,25200
16,65,Madison,ID,-111.793855,43.819187,52913,469.267,4.054,39940
16,67,Minidoka,ID,-113.712634,42.611171,21613,756.996,5.378,15420
16,69,Nez Perce,ID,-116.952097,46.393945,42090,848.32,8.206,30300
16,71,Oneida,ID,-112.295487,42.18223,4564,1198.951,1.543,14940
16,73,Owyhee,ID,-116.704658,43.393385,11913,7668.205,28.621,14260
16,75,Payette,ID,-116.893339,44.019562,25386,406.893,3.426,36620
16,81,Teton,ID,-111.122065,43.692414,11630,449.091,1.108,27220
16,83,Twin Falls,ID,-114.499626,42.56026,90046,1921.71,6.977,46300
17,1,Adams,IL,-91.327397,39.943853,65737,855.149,16.121,39500
17,3,Alexander,IL,-89.294878,37.152943,5240,235.394,17.235,16020
17,5,Bond,IL,-89.432041,38.884765,16725,380.336,2.495,41180
17,7,Boone,IL,-88.852137,42.294302,53448,280.741,1.298,40420
17,11,Bureau,IL,-89.420549,41.382406,33244,869.071,4.449,36837
17,13,Calhoun,IL,-90.638209,39.122999,4437,253.829,29.75,41180
17,19,Champaign,IL,-88.23646,40.126856,205865,996.104,2.36,16580
17,21,Christian,IL,-89.254079,39.525376,34032,709.49,6.265,45380
17,27,Clinton,IL,-89.485747,38.588708,36899,473.941,29.203,41180
17,29,Coles,IL,-88.264625,39.487996,46863,508.272,1.795,16660
17,31,Cook,IL,-87.757998,41.869515,5275541,944.927,689.706,16980
17,35,Cumberland,IL,-88.280686,39.275024,10450,345.944,0.98,20820
17,37,DeKalb,IL,-88.726804,41.927566,100420,631.337,3.306,16980
17,43,DuPage,IL,-88.071268,41.848928,932877,327.799,8.59,16980
17,49,Effingham,IL,-88.573292,39.095854,34668,478.769,1.226,20820
17,53,Ford,IL,-88.219432,40.521655,13534,485.597,0.633,16580
17,57,Fulton,IL,-90.116575,40.524812,33609,865.683,16.96,15900
17,63,Grundy,IL,-88.344624,41.34999,52533,418.126,12.406,16980
17,71,Henderson,IL,-90.944727,40.824767,6387,378.793,16.435,15460
17,73,Henry,IL,-90.1358,41.350891,49284,823.061,2.627,19340
17,77,Jackson,IL,-89.277101,37.750199,52974,583.57,18.653,16060
17,81,Jefferson,IL,-88.911598,38.311195,37113,571.234,12.568,34500
17,83,Jersey,IL,-90.319327,39.075249,21512,369.66,7.851,41180
17,89,Kane,IL,-88.33542,41.928443,516522,519.365,4.817,16980
17,91,Kankakee,IL,-87.851699,41.150459,107502,676.49,4.81,28100
17,93,Kendall,IL,-88.375603,41.66076,131869,320.238,1.983,16980
17,95,Knox,IL,-90.327754,40.937986,49967,716.385,3.412,23660
17,97,Lake,IL,-87.970527,42.311645,714342,443.614,924.716,16980
17,99,LaSalle,IL,-88.895139,41.354304,109658,1135.164,13.015,36837
17,103,Lee,IL,-89.401894,41.812143,34145,724.787,3.758,19940
17,105,Livingston,IL,-88.576241,40.90184,35815,1043.628,2.307,38700
17,107,Logan,IL,-89.361411,40.141565,27987,618.052,0.873,30660
17,109,McDonough,IL,-90.667814,40.469965,27238,589.323,0.777,31380
17,111,McHenry,IL,-88.351365,42.270305,310229,603.395,7.673,16980
17,113,McLean,IL,-88.953797,40.493799,170954,1183.248,3.013,14010
17,115,Macon,IL,-88.946554,39.850646,103998,580.576,5.176,19500
17,117,Macoupin,IL,-89.877091,39.191697,44967,862.974,4.73,41180
17,119,Madison,IL,-90.012645,38.801004,265859,715.501,24.541,41180
17,121,Marion,IL,-89.016141,38.590624,37729,572.538,3.565,16460
17,123,Marshall,IL,-89.316199,41.043266,11742,386.814,11.724,37900
17,127,Massac,IL,-88.717761,37.18088,14169,237.151,4.936,37140
17,129,Menard,IL,-89.799159,39.996935,12297,314.391,1.019,44100
17,131,Mercer,IL,-90.686612,41.214503,15699,561.24,7.495,19340
17,133,Monroe,IL,-90.171982,38.362245,34962,385.326,13.033,41180
17,137,Morgan,IL,-90.22838,39.717059,32915,568.948,3.506,27300
17,141,Ogle,IL,-89.25403,42.028664,51788,758.654,4.78,40300
17,143,Peoria,IL,-89.639949,40.746692,181830,618.729,11.853,37900
17,147,Piatt,IL,-88.581901,40.008986,16673,439.188,0.291,16580
17,155,Putnam,IL,-89.2681,41.230538,5637,160.097,12.044,36837
17,161,Rock Island,IL,-90.502512,41.489119,144672,427.496,23.797,19340
17,163,St. Clair,IL,-89.990225,38.548186,257400,657.71,16.155,41180
17,167,Sangamon,IL,-89.654882,39.771106,196343,868.256,8.756,44100
17,171,Scott,IL,-90.461992,39.645952,4949,250.79,1.859,27300
17,175,Stark,IL,-89.791981,41.098391,5400,288.093,0.264,37900
17,177,Stephenson,IL,-89.643639,42.324957,44630,564.247,0.521,23300
17,179,Tazewell,IL,-89.530221,40.605153,131343,646.469,11.509,37900
17,183,Vermilion,IL,-87.655499,40.151056,74188,898.319,2.908,19180
17,195,Whiteside,IL,-89.82525,41.781958,55691,684.099,12.31,44580
17,197,Will,IL,-88.058558,41.565502,696355,835.876,13.347,16980
17,199,Williamson,IL,-88.976636,37.754392,67153,420.21,24.12,32060
17,201,Winnebago,IL,-89.060442,42.308321,285350,513.05,6.129,40420
17,203,Woodford,IL,-89.29163,40.76916,38467,527.546,15.043,37900
18,1,Adams,IN,-84.934318,40.749532,35809,338.926,1.04,19540
18,3,Allen,IN,-85.125233,41.100842,385410,657.3,2.723,23060
18,5,Bartholomew,IN,-85.905294,39.215015,82208,406.94,2.593,18020
18,7,Benton,IN,-87.291866,40.576258,8719,406.418,0.091,29200
18,11,Boone,IN,-86.383249,40.004643,70812,422.882,0.339,26900
18,13,Brown,IN,-86.208688,39.236665,15475,311.987,4.643,26900
18,15,Carroll,IN,-86.601213,40.579184,20306,372.225,2.794,29200
18,17,Cass,IN,-86.338974,40.747129,37870,412.144,2.704,30900
18,19,Clark,IN,-85.732548,38.373412,121093,372.83,3.758,31140
18,21,Clay,IN,-87.123964,39.469332,26466,357.6,2.721,45460
18,23,Clinton,IN,-86.513556,40.297795,33190,405.067,0.178,23140
18,27,Daviess,IN,-87.096158,38.697526,33381,429.499,7.375,47780
18,29,Dearborn,IN,-84.920533,39.14676,50679,305.087,2.324,17140
18,31,Decatur,IN,-85.493081,39.320693,26472,372.568,0.755,24700
18,33,DeKalb,IN,-85.034535,41.377157,43265,362.833,1.026,12140
18,35,Delaware,IN,-85.402908,40.20524,111903,392.101,3.808,34620
18,37,Dubois,IN,-86.915674,38.35868,43637,427.265,8.069,27540
18,39,Elkhart,IN,-85.905688,41.637245,207047,463.161,4.81,21140
18,41,Fayette,IN,-85.147252,39.64037,23398,215.021,0.141,18220
18,43,Floyd,IN,-85.857888,38.32223,80484,148.481,1.045,31140
18,47,Franklin,IN,-85.070967,39.398519,22785,384.426,6.624,17140
18,53,Grant,IN,-85.644184,40.525256,66674,414.089,0.812,31980
18,57,Hamilton,IN,-86.057612,40.001506,347467,394.377,8.09,26900
18,59,Hancock,IN,-85.829626,39.815247,79840,305.957,1.069,26900
18,61,Harrison,IN,-86.098168,38.234174,39654,484.104,2.038,31140
18,63,Hendricks,IN,-86.41108,39.773147,174788,406.894,1.884,26900
18,65,Henry,IN,-85.403738,39.928844,48914,391.877,2.954,35220
18,67,Howard,IN,-86.133562,40.470296,83658,293.074,0.847,29020
18,69,Huntington,IN,-85.486182,40.869855,36662,382.649,5.071,26540
18,71,Jackson,IN,-85.936294,38.928711,46428,509.978,3.928,42980
18,73,Jasper,IN,-87.150606,41.082454,32918,559.68,1.71,16980
18,77,Jefferson,IN,-85.433151,38.758699,33147,360.64,2.372,31500
18,81,Johnson,IN,-86.115187,39.555913,161765,320.415,1.376,26900
18,83,Knox,IN,-87.454832,38.699306,36282,515.827,8.067,47180
18,85,Kosciusko,IN,-85.830509,41.267835,80240,531.444,22.949,47700
18,89,Lake,IN,-87.407505,41.518998,498700,498.729,127.908,16980
18,91,LaPorte,IN,-86.791226,41.632279,112417,598.287,14.973,33140
18,93,Lawrence,IN,-86.495942,38.847818,45011,449.146,2.783,13260
18,95,Madison,IN,-85.7088,40.113496,130129,451.921,0.983,26900
18,97,Marion,IN,-86.136268,39.788896,977203,396.612,6.396,26900
18,99,Marshall,IN,-86.272256,41.347653,46095,443.62,6.123,38500
18,103,Miami,IN,-86.076111,40.729384,35962,373.842,3.546,37940
18,105,Monroe,IN,-86.53857,39.162275,139718,394.522,16.8,14020
18,107,Montgomery,IN,-86.90058,40.034526,37936,504.647,0.798,18820
18,109,Morgan,IN,-86.399124,39.512934,71780,403.834,5.595,26900
18,111,Newton,IN,-87.38049,40.999168,13830,401.755,1.679,16980
18,113,Noble,IN,-85.388959,41.415849,47457,410.845,6.588,28340
18,115,Ohio,IN,-84.909987,38.954376,5940,86.15,1.301,17140
18,119,Owen,IN,-86.798175,39.314578,21321,385.295,2.536,14020
18,127,Porter,IN,-87.104333,41.513979,173215,418.104,103.715,16980
18,129,Posey,IN,-87.819868,38.012717,25222,409.385,10.234,21780
18,133,Putnam,IN,-86.834304,39.646449,36726,480.537,2.157,24600
18,141,St. Joseph,IN,-86.227079,41.67642,272912,457.777,3.609,43780
18,145,Shelby,IN,-85.790065,39.535011,45055,411.138,1.618,26900
18,151,Steuben,IN,-85.010961,41.650003,34435,308.777,13.689,11420
18,153,Sullivan,IN,-87.393185,39.103793,20817,447.172,6.944,45460
18,157,Tippecanoe,IN,-86.886959,40.418699,186251,498.907,4.336,29200
18,159,Tipton,IN,-86.051278,40.307543,15359,260.541,0.026,26900
18,163,Vanderburgh,IN,-87.549603,37.998233,180136,233.401,3.458,21780
18,165,Vermillion,IN,-87.439022,39.759924,15439,256.864,3.048,45460
18,167,Vigo,IN,-87.386916,39.460456,106153,403.61,6.84,45460
18,169,Wabash,IN,-85.80421,40.855768,30976,412.538,8.438,47340
18,171,Warren,IN,-87.325412,40.312721,8440,364.69,1.715,29200
18,173,Warrick,IN,-87.355616,38.011051,63898,384.843,6.208,21780
18,175,Washington,IN,-86.084553,38.573362,28182,513.687,2.907,31140
18,177,Wayne,IN,-84.948672,39.843304,66553,401.754,2.588,39980
18,179,Wells,IN,-85.192988,40.770773,28180,368.087,2.161,23060
18,181,White,IN,-86.809953,40.753581,24688,505.139,3.54,33900
18,183,Whitley,IN,-85.478007,41.16305,34191,335.568,2.346,23060
19,11,Benton,IA,-92.013283,42.063318,25575,716.102,2.262,16300
19,13,Black Hawk,IA,-92.37179,42.490207,131144,565.757,6.922,47940
19,15,Boone,IA,-93.892211,42.026222,26715,570.488,3.139,11180
19,17,Bremer,IA,-92.380697,42.740346,24988,435.479,3.925,47940
19,21,Buena Vista,IA,-95.184296,42.676707,20823,574.899,5.327,44740
19,27,Carroll,IA,-94.867701,42.039462,20760,569.453,0.828,16140
19,33,Cerro Gordo,IA,-93.246108,43.135216,43127,568.3,6.818,32380
19,41,Clay,IA,-95.159344,43.127358,16384,567.238,5.354,43980
19,45,Clinton,IA,-90.341168,41.852141,46460,694.959,15.217,17540
19,49,Dallas,IA,-93.900543,41.630722,99678,588.299,3.309,19780
19,57,Des Moines,IA,-91.143256,40.83528,38910,416.129,13.646,15460
19,59,Dickinson,IA,-95.134559,43.38895,17703,380.532,23.429,44020
19,61,Dubuque,IA,-90.762214,42.493173,99266,608.299,8.162,20220
19,75,Grundy,IA,-92.747282,42.38048,12329,501.855,0.036,47940
19,77,Guthrie,IA,-94.427696,41.665841,10623,590.604,2.454,19780
19,85,Harrison,IA,-95.804583,41.662599,14582,696.874,4.759,36540
19,99,Jasper,IA,-93.07144,41.678059,37813,730.426,2.527,19780
19,103,Johnson,IA,-91.561276,41.683586,152854,613.0,10.064,26980
19,105,Jones,IA,-91.200472,42.138136,20646,575.618,1.46,16300
19,111,Lee,IA,-91.397062,40.560697,33555,517.55,21.339,22800
19,113,Linn,IA,-91.648394,42.008474,230299,717.059,7.61,16300
19,121,Madison,IA,-93.98679,41.348667,16548,561.006,1.152,19780
19,123,Mahaska,IA,-92.642105,41.311761,22190,570.851,2.546,36820
19,125,Marion,IA,-93.041728,41.357267,33414,554.49,16.017,37800
19,127,Marshall,IA,-92.938199,42.030436,40105,572.503,0.696,32260
19,129,Mills,IA,-95.693715,41.050907,14484,437.431,3.211,36540
19,139,Muscatine,IA,-91.077753,41.465515,43235,437.445,11.684,34700
19,149,Plymouth,IA,-96.20304,42.748026,25698,862.828,0.84,30180
19,153,Polk,IA,-93.640165,41.630968,492401,572.199,19.336,19780
19,155,Pottawattamie,IA,-95.79385,41.278446,93667,951.268,7.873,36540
19,163,Scott,IA,-90.562678,41.5647,174669,458.096,10.114,19340
19,169,Story,IA,-93.604948,42.025132,98537,572.544,1.105,11180
19,179,Wapello,IA,-92.418899,41.01642,35437,431.842,4.179,36900
19,181,Warren,IA,-93.595647,41.40685,52403,569.837,3.514,19780
19,183,Washington,IA,-91.69418,41.365129,22565,568.828,2.061,26980
19,187,Webster,IA,-94.179496,42.481229,36999,715.706,2.807,22700
19,193,Woodbury,IA,-96.345995,42.483312,105941,872.896,4.94,43580
19,195,Worth,IA,-93.250437,43.369396,7443,400.123,1.818,32380
20,5,Atchison,KS,-95.179193,39.555375,16348,431.174,2.645,11860
20,9,Barton,KS,-98.75829,38.396456,25493,895.257,5.377,24460
20,15,Butler,KS,-96.99849,37.725409,67380,1429.707,16.821,48620
20,17,Chase,KS,-96.558338,38.358225,2572,773.053,4.668,21380
20,21,Cherokee,KS,-94.751725,37.114832,19362,587.567,3.456,27900
20,35,Cowley,KS,-96.99836,37.17461,34549,1125.738,6.688,11680
20,37,Crawford,KS,-94.729385,37.438265,38972,589.771,5.241,38260
20,43,Doniphan,KS,-95.071424,39.787452,7510,393.479,4.797,41140
20,45,Douglas,KS,-95.254186,38.942493,118785,455.766,18.871,29940
20,51,Ellis,KS,-99.330542,38.882206,28934,899.912,0.462,25700
20,55,Finney,KS,-100.863047,37.977246,38470,1301.997,0.663,23780
20,57,Ford,KS,-99.995523,37.753005,34287,1098.271,0.81,19980
20,59,Franklin,KS,-95.260357,38.603542,25996,571.772,5.364,36840
20,61,Geary,KS,-96.838824,39.040483,36739,384.663,19.924,31740
20,79,Harvey,KS,-97.385867,38.046143,34024,539.756,0.967,48620
20,85,Jackson,KS,-95.752834,39.402317,13232,656.219,1.802,45820
20,87,Jefferson,KS,-95.397523,39.210953,18368,532.626,24.052,45820
20,91,Johnson,KS,-94.740299,38.924919,609863,473.629,6.295,28140
20,103,Leavenworth,KS,-94.959527,39.23513,81881,463.407,5.536,28140
20,107,Linn,KS,-94.800976,38.239619,9591,594.081,12.314,28140
20,111,Lyon,KS,-96.17907,38.416221,32179,847.478,7.939,21380
20,113,McPherson,KS,-97.646719,38.382645,30223,898.285,2.318,32700
20,121,Miami,KS,-94.83105,38.595195,34191,575.879,14.377,28140
20,139,Osage,KS,-95.713137,38.699173,15766,705.506,14.339,45820
20,143,Ottawa,KS,-97.682422,39.096393,5735,720.73,0.605,41460
20,149,Pottawatomie,KS,-96.332282,39.251723,25348,840.74,20.907,31740
20,155,Reno,KS,-97.931942,38.051646,61898,1255.308,16.802,26740
20,161,Riley,KS,-96.632706,39.190165,71959,609.7,12.356,31740
20,169,Saline,KS,-97.605554,38.814764,54303,720.246,1.066,41460
20,173,Sedgwick,KS,-97.34439,37.680269,523824,996.936,12.185,48620
20,175,Seward,KS,-100.918735,37.051086,21964,639.653,0.757,30580
20,177,Shawnee,KS,-95.706417,39.034789,178909,544.026,11.704,45820
20,191,Sumner,KS,-97.406786,37.303365,22382,1181.668,3.287,48620
20,197,Wabaunsee,KS,-96.178582,38.989695,6877,794.336,5.346,45820
20,209,Wyandotte,KS,-94.712818,39.106038,169245,151.638,4.557,28140
21,3,Allen,KY,-86.210149,36.750241,20588,344.341,7.522,14540
21,5,Anderson,KY,-84.925693,38.02799,23852,202.168,2.113,23180
21,7,Ballard,KY,-88.976992,37.043623,7728,246.927,27.054,37140
21,9,Barren,KY,-85.932182,36.995285,44485,487.585,12.415,23980
21,11,Bath,KY,-83.7406,38.138475,12750,278.797,5.207,34460
21,13,Bell,KY,-83.70439,36.680825,24097,359.062,2.055,33180
21,15,Boone,KY,-84.678985,38.984893,135968,246.288,10.217,17140
21,17,Bourbon,KY,-84.246703,38.203999,20252,289.746,1.865,30460
21,19,Boyd,KY,-82.666251,38.432179,48261,159.867,2.15,26580
21,21,Boyle,KY,-84.796823,37.637853,30614,180.35,2.491,19220
21,23,Bracken,KY,-84.072685,38.701217,8400,202.717,6.234,17140
21,29,Bullitt,KY,-85.651771,38.023787,82217,297.052,3.213,31140
21,31,Butler,KY,-86.677714,37.217537,12371,426.092,5.383,14540
21,35,Calloway,KY,-88.30609,36.621007,37103,385.031,25.666,34660
21,37,Campbell,KY,-84.439251,39.032376,93076,151.34,8.067,17140
21,39,Carlisle,KY,-88.946346,36.855639,4826,189.44,9.54,37140
21,43,Carter,KY,-83.034886,38.314087,26627,409.497,2.619,26580
21,47,Christian,KY,-87.477832,36.80904,72748,717.51,6.533,17300
21,49,Clark,KY,-84.182808,37.986421,36972,252.487,2.669,30460
21,51,Clay,KY,-83.750091,37.168974,20345,469.297,1.835,18340
21,59,Daviess,KY,-87.095079,37.747426,103312,458.391,18.08,36980
21,61,Edmonson,KY,-86.253259,37.192292,12126,302.885,5.119,14540
21,65,Estill,KY,-83.991846,37.707053,14163,253.094,2.516,40080
21,67,Fayette,KY,-84.49441,38.020293,322570,283.637,1.9,30460
21,71,Floyd,KY,-82.7396,37.558551,35942,393.285,2.42,38210
21,73,Franklin,KY,-84.867165,38.195361,51541,207.844,4.165,23180
21,77,Gallatin,KY,-84.841609,38.764935,8690,98.364,6.27,17140
21,81,Grant,KY,-84.602905,38.689224,24941,257.977,2.797,17140
21,83,Graves,KY,-88.650736,36.742207,36649,551.754,5.034,32460
21,87,Green,KY,-85.538884,37.265986,11107,286.049,2.742,15820
21,89,Greenup,KY,-82.809161,38.55436,35962,344.462,9.986,26580
21,93,Hardin,KY,-85.915853,37.743564,110702,623.395,6.729,21060
21,101,Henderson,KY,-87.564508,37.817983,44793,436.326,29.226,25775
21,103,Henry,KY,-85.180752,38.4314,15678,286.295,4.827,31140
21,107,Hopkins,KY,-87.52201,37.308856,45423,542.084,12.331,31580
21,111,Jefferson,KY,-85.686227,38.201451,782969,380.802,16.801,31140
21,113,Jessamine,KY,-84.585371,37.886869,52991,172.167,2.366,30460
21,117,Kenton,KY,-84.549073,39.011065,169064,160.291,4.018,17140
21,121,Knox,KY,-83.921054,36.902733,30193,386.305,1.445,18340
21,123,Larue,KY,-85.723159,37.542807,14867,261.553,2.082,21060
21,125,Laurel,KY,-84.087505,37.091997,62613,433.989,9.704,18340
21,127,Lawrence,KY,-82.677508,38.081027,16293,415.596,4.472,26580
21,137,Lincoln,KY,-84.670402,37.473364,24275,332.843,3.549,19220
21,139,Livingston,KY,-88.351386,37.133064,8888,313.269,28.886,37140
21,145,McCracken,KY,-88.649871,37.0493,67875,248.724,19.213,37140
21,149,McLean,KY,-87.221398,37.51554,9152,252.527,3.709,36980
21,151,Madison,KY,-84.286707,37.70685,92701,437.356,5.904,40080
21,163,Meade,KY,-86.134606,37.934417,30003,305.443,18.962,31140
21,165,Menifee,KY,-83.595979,37.945275,6113,203.585,2.349,34460
21,169,Metcalfe,KY,-85.64095,36.990976,10286,289.641,1.549,23980
21,173,Montgomery,KY,-83.918227,38.037988,28114,197.35,1.488,34460
21,179,Nelson,KY,-85.4595,37.820783,46738,417.523,6.553,31140
21,185,Oldham,KY,-85.459227,38.372614,67607,187.244,9.099,31140
21,191,Pendleton,KY,-84.359242,38.715312,14644,277.158,4.751,17140
21,195,Pike,KY,-82.427235,37.463914,58669,786.73,1.837,38210
21,199,Pulaski,KY,-84.614379,37.092197,65034,658.411,18.744,43700
21,203,Rockcastle,KY,-84.351176,37.380897,16037,316.547,1.549,40080
21,209,Scott,KY,-84.568282,38.230636,57155,281.768,3.645,30460
21,211,Shelby,KY,-85.232221,38.212966,48065,379.771,5.892,31140
21,213,Simpson,KY,-86.571947,36.732484,19594,234.205,2.26,23190
21,215,Spencer,KY,-85.350311,38.06313,19490,186.726,4.935,31140
21,217,Taylor,KY,-85.342524,37.350286,26023,266.369,10.453,15820
21,221,Trigg,KY,-87.834907,36.845549,14061,441.504,39.825,17300
21,227,Warren,KY,-86.435814,36.966984,134554,541.717,5.848,14540
21,233,Webster,KY,-87.68192,37.502386,13017,332.099,3.557,25775
21,235,Whitley,KY,-84.141533,36.814087,36712,437.831,7.287,18340
21,239,Woodford,KY,-84.726705,38.048373,26871,190.111,1.905,30460
22,1,Acadia,LA,-92.350979,30.281563,57576,655.244,2.291,29180
22,5,Ascension,LA,-90.934071,30.254386,126500,289.969,12.73,12940
22,7,Assumption,LA,-91.065832,29.921462,21039,344.021,25.909,12940
22,11,Beauregard,LA,-93.282544,30.723548,36549,1157.477,8.473,19760
22,15,Bossier,LA,-93.659046,32.560816,128746,839.52,27.394,43340
22,17,Caddo,LA,-93.799166,32.468933,237848,879.468,57.568,43340
22,19,Calcasieu,LA,-93.257749,30.225067,216785,1064.084,30.081,29340
22,23,Cameron,LA,-93.210852,29.957136,5617,1284.639,652.084,29340
22,29,Concordia,LA,-91.54632,31.592181,18687,697.054,50.318,35020
22,31,De Soto,LA,-93.778274,32.121308,26812,876.449,18.143,43340
22,33,East Baton Rouge,LA,-91.100064,30.460289,456781,455.502,14.843,12940
22,37,East Feliciana,LA,-91.090607,30.820502,19539,453.293,2.375,12940
22,43,Grant,LA,-92.538082,31.530198,22169,643.188,21.624,10780
22,45,Iberia,LA,-91.80964,29.994242,69929,573.714,456.397,35340
22,47,Iberville,LA,-91.232013,30.271035,30241,618.719,34.232,12940
22,51,Jefferson,LA,-90.152287,29.945816,440781,300.949,341.087,35380
22,53,Jefferson Davis,LA,-92.746247,30.241059,32250,651.52,7.207,29340
22,55,Lafayette,LA,-92.042199,30.198103,241753,268.827,0.444,29180
22,57,Lafourche,LA,-90.63396,29.690273,97557,1067.793,400.636,26380
22,61,Lincoln,LA,-92.645045,32.54964,48396,471.636,0.733,40820
22,63,Livingston,LA,-90.843081,30.48237,142282,648.127,43.316,12940
22,67,Morehouse,LA,-91.8883,32.785896,25629,794.95,11.154,33740
22,69,Natchitoches,LA,-93.097411,31.757091,37515,1253.323,46.229,35060
22,71,Orleans,LA,-90.05295,29.975765,383997,169.489,180.357,35380
22,73,Ouachita,LA,-92.131922,32.516411,160368,610.349,21.363,33740
22,75,Plaquemines,LA,-89.903288,29.725872,23515,780.172,1787.065,35380
22,77,Pointe Coupee,LA,-91.4947,30.664814,20758,556.875,33.481,12940
22,79,Rapides,LA,-92.455373,31.286365,130023,1320.414,41.106,10780
22,83,Richland,LA,-91.718715,32.440206,20043,555.613,8.792,33740
22,87,St. Bernard,LA,-89.937239,29.930597,43764,377.516,1777.688,35380
22,89,St. Charles,LA,-90.376212,29.938265,52549,277.742,119.165,35380
22,91,St. Helena,LA,-90.693517,30.786666,10920,408.527,1.08,12940
22,93,St. James,LA,-90.736618,30.020844,20192,237.861,14.971,35380
22,95,St. John the Baptist,LA,-90.511201,30.072182,42477,214.474,195.538,35380
22,97,St. Landry,LA,-92.112737,30.510054,82540,924.029,15.063,36660
22,99,St. Martin,LA,-91.83735,30.231079,51767,737.47,79.265,29180
22,101,St. Mary,LA,-91.339006,29.738031,49406,555.843,563.881,34020
22,103,St. Tammany,LA,-89.961836,30.386943,264570,845.257,250.366,43640
22,105,Tangipahoa,LA,-90.449002,30.561076,133157,791.171,52.776,25220
22,109,Terrebonne,LA,-90.725647,29.596256,109580,1229.853,852.39,26380
22,111,Union,LA,-92.398543,32.788831,21107,876.9,28.436,33740
22,113,Vermilion,LA,-92.161801,29.998731,57359,1173.61,368.611,29180
22,117,Washington,LA,-90.004103,30.839568,45463,669.637,6.232,14220
22,119,Webster,LA,-93.338052,32.699031,36967,593.289,21.631,33380
22,121,West Baton Rouge,LA,-91.266575,30.436753,27199,192.346,11.43,12940
22,125,West Feliciana,LA,-91.442588,30.888343,15310,403.316,22.684,12940
23,1,Androscoggin,ME,-70.202081,44.117226,111139,467.952,29.169,30340
23,5,Cumberland,ME,-70.305033,43.746359,303069,836.221,381.241,38860
23,11,Kennebec,ME,-69.748924,44.395615,123642,867.471,83.703,12300
23,19,Penobscot,ME,-68.797457,44.944506,152199,3397.197,159.84,12620
23,23,Sagadahoc,ME,-69.871506,43.956844,36699,253.971,116.059,38860
23,31,York,ME,-70.64015,43.422532,211972,991.186,278.526,38860
24,1,Allegany,MD,-78.820665,39.628458,68106,422.204,5.699,19060
24,3,Anne Arundel,MD,-76.604417,39.071038,588261,414.81,172.987,12580
24,5,Baltimore,MD,-76.620325,39.368834,854535,598.358,83.382,12580
24,9,Calvert,MD,-76.54407,38.551108,92783,213.19,131.885,30500
24,13,Carroll,MD,-76.993056,39.526206,172891,447.63,5.063,12580
24,15,Cecil,MD,-75.936285,39.614177,103725,346.3,71.537,37980
24,17,Charles,MD,-76.951519,38.58147,166617,457.824,185.112,47900
24,19,Dorchester,MD,-76.011658,38.571271,32531,540.765,442.223,15700
24,21,Frederick,MD,-77.400605,39.427679,271717,660.591,6.824,47900
24,25,Harford,MD,-76.309261,39.520613,260924,437.126,89.532,12580
24,27,Howard,MD,-76.854298,39.217658,332317,250.95,2.446,12580
24,31,Montgomery,MD,-77.124126,39.087069,1062061,493.11,13.796,47900
24,33,Prince George's,MD,-76.888689,38.909313,967201,482.65,16.186,47900
24,35,Queen Anne's,MD,-76.149985,39.021381,49874,371.69,139.005,12580
24,37,St. Mary's,MD,-76.577954,38.307223,113777,358.616,405.636,30500
24,39,Somerset,MD,-75.742151,38.13306,24620,319.749,290.601,41540
24,41,Talbot,MD,-76.098027,38.7685,37526,268.558,208.249,20660
24,43,Washington,MD,-77.73148,39.618688,154705,457.76,9.583,25180
24,45,Wicomico,MD,-75.593756,38.372255,103588,374.429,25.778,41540
24,47,Worcester,MD,-75.234513,38.30361,52460,468.402,226.461,36180
24,510,Baltimore,MD,-76.618104,39.314378,585708,80.946,11.104,12580
25,1,Barnstable,MA,-70.328659,41.692343,228996,394.221,911.32,12700
25,3,Berkshire,MA,-73.218336,42.456888,129026,926.877,19.573,38340
25,5,Bristol,MA,-71.109451,41.794278,579200,553.112,138.017,39300
25,7,Dukes,MA,-70.60331,41.419712,20600,103.202,387.759,47240
25,9,Essex,MA,-70.991432,42.625306,809829,492.521,335.97,14460
25,11,Franklin,MA,-72.559152,42.578152,71029,699.208,25.332,24640
25,13,Hampden,MA,-72.574333,42.125554,465825,617.002,17.15,44140
25,15,Hampshire,MA,-72.572165,42.312741,162308,527.233,18.009,11200
25,17,Middlesex,MA,-71.254598,42.447845,1632002,817.856,29.081,14460
25,19,Nantucket,MA,-70.089225,41.267216,14255,46.192,257.463,34880
25,21,Norfolk,MA,-71.146359,42.202442,725981,396.107,48.247,14460
25,23,Plymouth,MA,-70.855576,42.023677,530819,658.502,434.791,14460
25,25,Suffolk,MA,-71.077148,42.336102,797936,58.254,61.969,14460
25,27,Worcester,MA,-71.802715,42.303377,862111,1510.674,68.481,49340
26,5,Allegan,MI,-85.871027,42.608445,120502,825.253,1008.037,26090
26,7,Alpena,MI,-83.502895,45.050588,28907,571.897,1123.03,10980
26,15,Barry,MI,-85.349392,42.618511,62423,553.104,23.938,24340
26,17,Bay,MI,-83.929196,43.629992,103856,442.408,188.309,13020
26,19,Benzie,MI,-86.011382,44.651834,17970,319.698,539.866,45900
26,21,Berrien,MI,-86.406377,41.985704,154316,567.781,1013.691,35660
26,23,Branch,MI,-85.030705,41.929177,44862,506.411,13.293,17740
26,25,Calhoun,MI,-85.106049,42.289631,134310,706.262,12.068,12980
26,27,Cass,MI,-86.040504,41.892277,51589,490.108,18.201,43780
26,33,Chippewa,MI,-84.396326,46.365585,36785,1558.507,1139.962,42300
26,37,Clinton,MI,-84.55428,42.886259,79128,566.349,8.216,29620
26,41,Delta,MI,-87.065752,45.801912,36903,1171.101,820.231,21540
26,43,Dickinson,MI,-88.014029,45.832994,25947,760.948,15.639,27020
26,45,Eaton,MI,-84.739621,42.645094,109175,575.209,4.225,29620
26,47,Emmet,MI,-84.910442,45.432042,34112,467.535,414.462,37950
26,49,Genesee,MI,-83.693809,43.002399,406211,636.942,12.645,22420
26,55,Grand Traverse,MI,-85.613028,44.713441,95238,464.336,136.978,45900
26,57,Gratiot,MI,-84.631259,43.34413,41761,568.381,3.231,10940
26,59,Hillsdale,MI,-84.605231,41.916883,45746,598.152,8.857,25880
26,61,Houghton,MI,-88.54177,47.127331,37361,1009.101,492.417,26340
26,65,Ingham,MI,-84.486253,42.688382,284900,556.078,4.636,29620
26,67,Ionia,MI,-85.086727,42.957003,66804,571.32,8.722,24340
26,73,Isabella,MI,-84.80345,43.608534,64394,572.699,4.999,34380
26,75,Jackson,MI,-84.406618,42.241802,160366,701.897,21.596,27100
26,77,Kalamazoo,MI,-85.586372,42.262549,261670,561.955,18.343,28020
26,79,Kalkaska,MI,-85.164963,44.720582,17939,559.744,10.819,45900
26,81,Kent,MI,-85.625638,42.961776,657974,848.931,23.012,24340
26,83,Keweenaw,MI,-88.289269,47.336126,2046,540.112,5426.154,26340
26,87,Lapeer,MI,-83.249396,43.058194,88619,646.983,15.861,19820
26,89,Leelanau,MI,-85.730072,44.906992,22301,347.199,2184.993,45900
26,91,Lenawee,MI,-84.052777,41.926112,99423,749.627,11.775,10300
26,93,Livingston,MI,-83.856466,42.575026,193866,565.283,20.122,19820
26,99,Macomb,MI,-82.957895,42.589118,881217,479.344,91.577,19820
26,103,Marquette,MI,-87.492759,46.486717,66017,1809.051,1615.968,32100
26,105,Mason,MI,-86.346719,43.97455,29052,494.969,747.346,31220
26,107,Mecosta,MI,-85.382191,43.650863,39714,555.155,16.087,13660
26,109,Menominee,MI,-87.579801,45.342064,23502,1044.041,294.132,31940
26,111,Midland,MI,-84.296349,43.643318,83494,517.45,10.619,33220
26,113,Missaukee,MI,-85.179858,44.307677,15052,564.788,9.108,15620
26,115,Monroe,MI,-83.486421,41.901664,154809,549.353,130.581,33780
26,117,Montcalm,MI,-85.172737,43.283564,66614,705.329,15.423,24340
26,121,Muskegon,MI,-86.214941,43.243847,175824,503.914,956.11,34740
26,125,Oakland,MI,-83.314039,42.586862,1274395,867.275,39.962,19820
26,139,Ottawa,MI,-86.015862,42.911054,296200,563.52,1067.891,24340
26,145,Saginaw,MI,-83.996446,43.399088,190124,800.797,15.169,40980
26,147,St. Clair,MI,-82.563457,42.912215,160383,721.513,114.994,19820
26,149,St. Joseph,MI,-85.526887,41.887521,60939,500.596,20.431,44780
26,155,Shiawassee,MI,-84.147876,42.942704,68094,530.967,9.974,37020
26,161,Washtenaw,MI,-83.726939,42.257602,372258,706.003,16.418,11460
26,163,Wayne,MI,-83.226321,42.329477,1793561,611.838,60.907,19820
26,165,Wexford,MI,-85.486553,44.309686,33673,564.925,10.495,15620
27,3,Anoka,MN,-93.269315,45.195033,363887,421.964,24.109,33460
27,5,Becker,MN,-95.781108,46.846984,35183,1315.059,130.091,19810
27,7,Beltrami,MN,-94.86333,47.585267,46228,2504.704,550.693,13420
27,9,Benton,MN,-94.10435,45.634664,41379,408.297,4.744,41060
27,13,Blue Earth,MN,-93.994417,44.133623,69112,747.849,17.748,31860
27,15,Brown,MN,-94.59176,44.285144,25912,611.109,7.156,35580
27,17,Carlton,MN,-92.532283,46.644206,36207,861.192,13.967,20260
27,19,Carver,MN,-93.679267,44.836919,106922,354.022,21.881,33460
27,21,Cass,MN,-94.417932,46.817725,30066,2021.473,392.511,14660
27,25,Chisago,MN,-92.924032,45.452093,56621,414.899,27.484,33460
27,27,Clay,MN,-96.673903,46.855003,65318,1045.176,7.453,22020
27,35,Crow Wing,MN,-94.162322,46.430863,66123,998.357,158.193,14660
27,37,Dakota,MN,-93.154642,44.763244,439882,562.538,24.316,33460
27,39,Dodge,MN,-92.805954,44.030082,20867,439.282,0.309,40340
27,41,Douglas,MN,-95.389465,45.907933,39006,636.937,83.215,10820
27,45,Fillmore,MN,-92.081754,43.696271,21228,861.333,0.794,40340
27,47,Freeborn,MN,-93.361666,43.662772,30895,707.245,15.176,10660
27,49,Goodhue,MN,-92.66657,44.446353,47582,756.704,22.848,39860
27,53,Hennepin,MN,-93.361233,44.976697,1281565,554.037,52.756,33460
27,55,Houston,MN,-91.438661,43.720423,18843,552.044,16.793,29100
27,59,Isanti,MN,-93.259775,45.542718,41135,435.758,15.909,33460
27,61,Itasca,MN,-93.521135,47.315009,45014,2667.74,260.191,24330
27,67,Kandiyohi,MN,-95.017492,45.154628,43732,797.373,64.976,48820
27,79,Le Sueur,MN,-93.716142,44.39681,28674,448.674,25.145,33460
27,83,Lyon,MN,-95.796682,44.428528,25269,714.411,7.257,32140
27,85,McLeod,MN,-94.264775,44.85967,36771,491.51,14.067,26780
27,91,Martin,MN,-94.50935,43.665559,20025,712.331,17.247,21860
27,95,Mille Lacs,MN,-93.623033,45.790781,26459,572.306,109.241,33460
27,99,Mower,MN,-92.901937,43.665401,40029,711.273,0.238,12380
27,103,Nicollet,MN,-94.058378,44.265352,34454,448.592,18.344,31860
27,105,Nobles,MN,-95.663888,43.635008,22290,715.117,7.434,49380
27,109,Olmsted,MN,-92.476238,44.024514,162847,653.512,1.246,40340
27,111,Otter Tail,MN,-95.789225,46.408729,60081,1971.634,252.693,22260
27,119,Polk,MN,-96.562798,47.783873,31192,1970.999,26.792,24220
27,123,Ramsey,MN,-93.10565,44.99291,552352,152.248,17.765,33460
27,131,Rice,MN,-93.26165,44.372673,67097,495.84,20.101,22060
27,133,Rock,MN,-96.237081,43.648084,9704,482.459,0.27,43620
27,137,St. Louis,MN,-92.307366,47.078425,200231,6247.574,612.562,20260
27,139,Scott,MN,-93.466447,44.714553,150928,356.273,12.115,33460
27,141,Sherburne,MN,-93.718866,45.402446,97183,432.909,18.134,33460
27,145,Stearns,MN,-94.355044,45.559158,158292,1342.829,47.196,41060
27,147,Steele,MN,-93.214616,44.06586,37406,429.645,2.694,36940
27,157,Wabasha,MN,-92.21876,44.298281,21387,522.922,26.593,40340
27,163,Washington,MN,-92.921431,44.985726,267568,384.714,38.597,33460
27,167,Wilkin,MN,-96.525623,46.316429,6506,751.038,0.186,47420
27,169,Winona,MN,-91.718459,44.023673,49671,626.177,15.464,49100
27,171,Wright,MN,-93.818147,45.199091,141337,661.159,53.147,33460
28,1,Adams,MS,-91.35434,31.545814,29538,462.344,25.202,35020
28,3,Alcorn,MS,-88.529805,34.909527,34740,400.044,1.316,18420
28,9,Benton,MS,-89.203932,34.813848,7646,406.616,2.038,32820
28,11,Bolivar,MS,-90.768825,33.771865,30985,876.507,31.447,17380
28,15,Carroll,MS,-89.919301,33.46177,9998,628.388,6.197,24900
28,23,Clarke,MS,-88.731696,32.067249,15615,691.576,1.959,32940
28,27,Coahoma,MS,-90.57036,34.220105,21390,553.095,29.939,17260
28,29,Copiah,MS,-90.378623,31.893381,28368,777.285,2.179,27140
28,33,DeSoto,MS,-89.949653,34.927389,185314,476.346,19.396,32820
28,35,Forrest,MS,-89.287954,31.309279,78158,466.042,4.198,25620
28,43,Grenada,MS,-89.803438,33.76756,21629,422.122,27.282,24980
28,45,Hancock,MS,-89.404092,30.379142,46053,473.964,78.802,25060
28,47,Harrison,MS,-89.063779,30.434161,208621,573.641,411.047,25060
28,49,Hinds,MS,-90.257,32.304046,227742,869.845,7.436,27140
28,51,Holmes,MS,-90.028731,33.089593,17000,756.674,7.942,27140
28,57,Itawamba,MS,-88.404342,34.289689,23863,532.795,7.655,46180
28,59,Jackson,MS,-88.66863,30.443696,143252,722.825,320.578,25060
28,61,Jasper,MS,-89.144805,31.961091,16367,676.311,1.209,29860
28,63,Jefferson,MS,-91.057536,31.714009,7260,519.933,7.331,35020
28,67,Jones,MS,-89.167194,31.667175,67246,694.845,4.896,29860
28,71,Lafayette,MS,-89.52675,34.359415,55813,631.697,47.531,37060
28,73,Lamar,MS,-89.439932,31.273921,64222,496.57,3.425,25620
28,75,Lauderdale,MS,-88.692876,32.401267,72984,703.674,11.479,32940
28,81,Lee,MS,-88.703819,34.278226,83343,449.965,3.21,46180
28,83,Leflore,MS,-90.203416,33.513518,28339,594.074,12.304,24900
28,85,Lincoln,MS,-90.457896,31.54927,34907,586.207,2.043,15020
28,87,Lowndes,MS,-88.389424,33.520258,58879,505.443,11.021,18060
28,89,Madison,MS,-90.104845,32.509875,109145,714.358,27.682,27140
28,93,Marshall,MS,-89.544076,34.816554,33752,706.185,3.542,32820
28,97,Montgomery,MS,-89.682458,33.496327,9822,406.981,0.908,24980
28,103,Noxubee,MS,-88.549668,33.13285,10285,695.158,4.822,18060
28,105,Oktibbeha,MS,-88.825442,33.448413,51788,458.239,3.693,44260
28,109,Pearl River,MS,-89.631685,30.640759,56145,811.319,8.024,38100
28,111,Perry,MS,-88.992608,31.262146,11511,647.282,2.92,25620
28,113,Pike,MS,-90.435044,31.219047,40324,409.185,1.509,32620
28,117,Prentiss,MS,-88.552077,34.632609,25008,414.985,3.214,46180
28,121,Rankin,MS,-90.030487,32.281333,157031,775.494,30.591,27140
28,123,Scott,MS,-89.529579,32.40164,27990,609.231,1.159,27140
28,127,Simpson,MS,-89.855744,31.915898,25949,589.165,1.304,27140
28,131,Stone,MS,-89.135849,30.806397,18333,445.485,2.592,25060
28,137,Tate,MS,-89.948269,34.644191,28064,404.763,6.213,32820
28,143,Tunica,MS,-90.341396,34.720692,9782,454.13,22.013,32820
28,147,Walthall,MS,-90.122962,31.150842,13884,403.928,0.477,32620
28,149,Warren,MS,-90.843777,32.324815,44722,588.53,30.023,46980
28,151,Washington,MS,-91.01078,33.369011,44922,723.972,36.393,24740
28,155,Webster,MS,-89.220716,33.582804,9926,421.158,2.071,44260
28,161,Yalobusha,MS,-89.694995,34.081548,12481,467.151,27.854,37060
28,163,Yazoo,MS,-90.38218,32.829241,26743,922.339,11.82,27140
29,1,Adair,MO,-92.581512,40.195278,25314,567.324,2.111,28860
29,3,Andrew,MO,-94.8166,39.919858,18135,432.632,3.736,41140
29,7,Audrain,MO,-91.826614,39.203899,24962,692.25,4.573,33020
29,13,Bates,MO,-94.362779,38.280773,16042,836.696,14.684,28140
29,17,Bollinger,MO,-89.999696,37.340708,10567,617.904,3.293,16020
29,19,Boone,MO,-92.321624,38.956712,183610,685.554,5.491,17860
29,21,Buchanan,MO,-94.819825,39.750709,84793,408.249,6.928,41140
29,23,Butler,MO,-90.417972,36.756985,42130,694.755,4.322,38740
29,25,Caldwell,MO,-93.998899,39.663863,8815,426.392,3.244,28140
29,27,Callaway,MO,-91.997518,38.797548,44283,834.567,12.815,27620
29,31,Cape Girardeau,MO,-89.607695,37.355235,81710,578.517,7.832,16020
29,37,Cass,MO,-94.424307,38.751052,107824,696.615,5.777,28140
29,43,Christian,MO,-93.264355,37.027878,88842,562.589,1.177,44180
29,47,Clay,MO,-94.497328,39.252956,253335,397.663,11.007,28140
29,49,Clinton,MO,-94.367454,39.602433,21184,418.94,4.542,28140
29,51,Cole,MO,-92.220619,38.55255,77279,391.548,7.377,27620
29,53,Cooper,MO,-92.772757,38.91006,17103,564.75,4.431,17860
29,59,Dallas,MO,-93.066641,37.643751,17071,540.951,1.895,44180
29,63,DeKalb,MO,-94.354573,39.825582,11029,421.358,4.464,41140
29,69,Dunklin,MO,-90.058119,36.324914,28283,541.909,5.293,28380
29,71,Franklin,MO,-90.998977,38.436356,104682,922.649,8.036,41180
29,77,Greene,MO,-93.309507,37.192242,298915,675.329,2.551,44180
29,89,Howard,MO,-92.70446,39.140559,10151,463.801,7.665,17860
29,91,Howell,MO,-91.873718,36.792561,39750,927.177,1.127,48460
29,95,Jackson,MO,-94.444287,39.00998,717204,604.52,11.823,28140
29,97,Jasper,MO,-94.444125,37.129578,122761,638.506,2.766,27900
29,99,Jefferson,MO,-90.475056,38.340859,226739,656.445,7.839,41180
29,101,Johnson,MO,-93.770288,38.758577,54013,829.261,3.931,47660
29,105,Laclede,MO,-92.653795,37.669688,36039,764.63,3.364,30060
29,107,Lafayette,MO,-93.842193,39.055172,32984,628.28,10.453,28140
29,111,Lewis,MO,-91.641748,40.08916,10032,505.017,5.778,39500
29,113,Lincoln,MO,-90.929751,38.996776,59574,626.571,13.892,41180
29,127,Marion,MO,-91.457393,39.741435,28525,436.922,7.38,25300
29,133,Mississippi,MO,-89.368458,36.856032,12577,411.596,17.187,43460
29,135,Moniteau,MO,-92.611037,38.627456,15473,415.03,3.841,27620
29,145,Newton,MO,-94.414367,36.921726,58648,624.754,1.82,27900
29,147,Nodaway,MO,-94.868321,40.352259,21241,876.964,0.912,32340
29,151,Osage,MO,-91.884527,38.455126,13274,606.58,6.847,27620
29,159,Pettis,MO,-93.247496,38.701441,42980,682.229,4.05,42740
29,161,Phelps,MO,-91.747022,37.943357,44638,671.787,2.536,40620
29,165,Platte,MO,-94.683735,39.260346,106718,419.802,6.544,28140
29,167,Polk,MO,-93.404435,37.602027,31519,635.527,6.887,44180
29,169,Pulaski,MO,-92.175732,37.822042,53955,547.112,4.368,22780
29,173,Ralls,MO,-91.469172,39.579823,10355,469.787,14.047,25300
29,175,Randolph,MO,-92.451801,39.413737,24716,482.712,5.117,33620
29,177,Ray,MO,-94.062098,39.336637,23158,568.968,5.178,28140
29,183,St. Charles,MO,-90.671284,38.778572,405262,560.501,31.917,41180
29,187,St. Francois,MO,-90.488054,37.834497,66922,451.886,2.787,22100
29,189,St. Louis,MO,-90.389519,38.644521,1004125,507.875,15.294,41180
29,195,Saline,MO,-93.202654,39.111399,23333,755.51,11.406,32180
29,197,Schuyler,MO,-92.520354,40.461863,4032,307.305,0.856,28860
29,201,Scott,MO,-89.577539,37.015235,38059,420.005,5.859,43460
29,213,Taney,MO,-93.195143,36.657085,56066,632.332,19.287,14700
29,219,Warren,MO,-91.098557,38.790363,35532,428.611,9.158,41180
29,225,Webster,MO,-92.906843,37.26294,39085,592.563,1.201,44180
29,510,St. Louis,MO,-90.253332,38.620558,301578,61.736,4.465,41180
30,7,Broadwater,MT,-111.543362,46.281619,6774,1192.359,45.748,25740
30,9,Carbon,MT,-109.084845,45.322269,10473,2047.781,13.596,13740
30,13,Cascade,MT,-111.306586,47.491558,84414,2698.207,13.247,24500
30,29,Flathead,MT,-114.28093,48.24738,104357,5087.222,168.789,28060
30,31,Gallatin,MT,-111.128767,45.682956,118960,2605.352,28.423,14580
30,43,Jefferson,MT,-112.045462,46.268426,12085,1656.997,2.416,25740
30,49,Lewis and Clark,MT,-112.019644,46.646621,70973,3458.381,39.188,25740
30,61,Mineral,MT,-114.894335,47.182752,4535,1219.619,3.821,33540
30,63,Missoula,MT,-114.021512,46.875546,117922,2593.009,24.937,33540
30,93,Silver Bow,MT,-112.525517,45.98746,35133,717.983,0.586,15580
30,95,Stillwater,MT,-109.238178,45.615383,8963,1796.746,9.163,13740
30,111,Yellowstone,MT,-108.546051,45.789945,164731,2633.468,15.423,13740
31,1,Adams,NE,-98.41518,40.585501,31205,563.274,0.957,25580
31,7,Banner,NE,-103.721644,41.558824,674,746.039,0.151,42420
31,19,Buffalo,NE,-99.072828,40.737756,50084,968.22,7.179,28260
31,25,Cass,NE,-96.063719,40.949471,26598,557.347,8.545,36540
31,35,Clay,NE,-98.027882,40.547589,6104,572.289,1.249,25580
31,37,Colfax,NE,-97.076357,41.515594,10582,411.647,4.869,18100
31,43,Dakota,NE,-96.438647,42.446864,21582,264.276,3.144,43580
31,47,Dawson,NE,-99.856676,40.827351,24111,1013.059,6.374,30420
31,53,Dodge,NE,-96.528637,41.471288,37167,529.067,13.935,23340
31,55,Douglas,NE,-96.069741,41.26173,584526,326.407,12.942,36540
31,67,Gage,NE,-96.713556,40.280866,21704,851.461,8.499,13100
31,73,Gosper,NE,-99.826842,40.59443,1893,458.155,4.568,30420
31,79,Hall,NE,-98.377793,40.91634,62895,546.39,5.754,24260
31,93,Howard,NE,-98.489627,41.18917,6475,569.338,6.255,24260
31,99,Kearney,NE,-98.99218,40.507252,6688,516.243,0.106,28260
31,109,Lancaster,NE,-96.671536,40.799269,322608,837.561,8.821,30700
31,111,Lincoln,NE,-100.789525,41.119294,34676,2564.14,10.979,35820
31,113,Logan,NE,-100.507661,41.499176,716,570.698,0.465,35820
31,119,Madison,NE,-97.461443,42.00636,35585,572.622,2.829,35740
31,121,Merrick,NE,-98.037243,41.130786,7668,487.259,9.52,24260
31,139,Pierce,NE,-97.591612,42.259529,7317,573.249,1.344,35740
31,141,Platte,NE,-97.385528,41.46697,34296,674.05,10.54,18100
31,153,Sarpy,NE,-96.0437,41.152889,190604,238.101,9.42,36540
31,155,Saunders,NE,-96.560061,41.195383,22278,748.928,10.892,36540
31,157,Scotts Bluff,NE,-103.680393,41.865094,36084,739.608,5.947,42420
31,159,Seward,NE,-97.102308,40.875087,17609,571.43,4.457,30700
31,167,Stanton,NE,-97.255038,41.985101,5842,427.608,3.394,35740
31,177,Washington,NE,-96.156611,41.504682,20865,389.957,3.241,36540
31,181,Webster,NE,-98.486606,40.195862,3395,574.913,0.13,25580
32,1,Churchill,NV,-118.796052,39.474469,25516,4950.157,73.646,21980
32,3,Clark,NV,-115.152976,36.141141,2265461,7891.651,169.271,29820
32,5,Douglas,NV,-119.756218,38.957468,49488,710.485,27.922,23820
32,7,Elko,NV,-115.534273,40.856303,53702,17173.446,28.874,21220
32,11,Eureka,NV,-116.209128,39.946993,1855,4175.688,4.27,21220
32,13,Humboldt,NV,-117.744296,41.017558,17285,9640.792,17.064,49080
32,19,Lyon,NV,-119.327152,39.355756,59235,2003.075,22.969,39900
32,23,Nye,NV,-116.125667,36.414296,51591,18181.914,16.683,37220
32,29,Storey,NV,-119.622432,39.389828,4104,263.778,0.726,39900
32,31,Washoe,NV,-119.793527,39.534488,486492,6315.877,224.996,39900
32,510,Carson City,NV,-119.75408,39.166096,58639,144.534,12.585,16180
33,1,Belknap,NH,-71.439516,43.518179,63705,401.847,68.163,29060
33,5,Cheshire,NH,-72.260597,42.897949,76458,706.709,22.235,28300
33,9,Grafton,NH,-71.957176,43.83744,91118,1708.599,41.106,30150
33,11,Hillsborough,NH,-71.531546,42.879412,422937,876.526,15.954,31700
33,13,Merrimack,NH,-71.586768,43.244048,153808,932.899,22.077,18180
33,15,Rockingham,NH,-71.105861,42.937487,314176,695.391,99.856,14460
33,17,Strafford,NH,-70.954351,43.246137,130889,367.47,15.117,14460
33,19,Sullivan,NH,-72.256473,43.370229,43063,537.876,14.26,30150
34,1,Atlantic,NJ,-74.584723,39.428157,274534,555.514,116.321,12100
34,3,Bergen,NJ,-74.056816,40.916918,955732,232.788,13.663,35620
34,5,Burlington,NJ,-74.836627,39.983738,461860,799.292,20.893,37980
34,7,Camden,NJ,-75.026364,39.863128,523485,221.358,6.061,37980
34,9,Cape May,NJ,-74.806953,39.096879,95263,251.522,368.785,12100
34,11,Cumberland,NJ,-75.0896,39.431713,154152,483.361,194.485,47220
34,13,Essex,NJ,-74.216055,40.767919,863728,126.085,3.335,35620
34,15,Gloucester,NJ,-75.130305,39.748752,302294,322.0,14.772,37980
34,17,Hudson,NJ,-74.061448,40.741644,724854,46.194,16.153,35620
34,19,Hunterdon,NJ,-74.895969,40.572604,128947,427.835,9.561,35620
34,21,Mercer,NJ,-74.69945,40.255387,387340,224.44,4.415,45940
34,23,Middlesex,NJ,-74.388583,40.484409,863162,309.222,13.651,35620
34,25,Monmouth,NJ,-74.14859,40.29118,643615,468.182,193.218,35620
34,27,Morris,NJ,-74.50031,40.859148,509285,460.972,20.552,35620
34,29,Ocean,NJ,-74.215904,39.978586,637229,628.286,286.55,35620
34,31,Passaic,NJ,-74.189868,40.923998,524118,186.013,12.376,35620
34,33,Salem,NJ,-75.378171,39.627242,64837,331.862,40.69,37980
34,35,Somerset,NJ,-74.578391,40.559937,345361,301.866,3.087,35620
34,37,Sussex,NJ,-74.655456,41.090477,144221,518.661,16.878,35620
34,39,Union,NJ,-74.293688,40.659355,575345,102.766,2.644,35620
34,41,Warren,NJ,-75.014893,40.794655,109632,356.541,6.109,10900
35,1,Bernalillo,NM,-106.617779,35.109462,676444,1161.245,6.132,10740
35,5,Chaves,NM,-104.514733,33.365668,65157,6067.177,7.904,40740
35,9,Curry,NM,-103.213229,34.421082,48430,1405.526,3.086,17580
35,13,Doña Ana,NM,-106.728836,32.24837,219561,3808.189,6.793,29740
35,15,Eddy,NM,-104.288595,32.538156,62314,4176.347,21.812,16100
35,17,Grant,NM,-108.24321,32.781053,28185,3961.207,5.905,43500
35,25,Lea,NM,-103.190527,32.75172,74455,4391.552,3.146,26020
35,27,Lincoln,NM,-105.631108,33.419573,20269,4831.115,0.214,40760
35,28,Los Alamos,NM,-106.272314,35.869176,19419,109.123,0.08,31060
35,29,Luna,NM,-107.741875,32.223031,25427,2965.179,0.167,19700
35,31,McKinley,NM,-108.634281,35.513228,72902,5451.064,4.899,23700
35,33,Mora,NM,-105.23707,36.00418,4189,1926.249,2.353,29780
35,35,Otero,NM,-106.000317,32.778517,67839,6612.562,14.264,10460
35,39,Rio Arriba,NM,-106.205155,36.203984,40363,5860.874,35.314,21580
35,41,Roosevelt,NM,-103.347539,34.168551,19191,2446.051,7.212,17580
35,43,Sandoval,NM,-106.649224,35.319674,148834,3710.194,4.19,10740
35,45,San Juan,NM,-108.220154,36.723982,121661,5517.231,21.195,22140
35,47,San Miguel,NM,-105.307874,35.576344,27201,4721.515,19.838,29780
35,49,Santa Fe,NM,-106.004765,35.632632,154823,1910.38,1.02,42140
35,55,Taos,NM,-105.60791,36.435099,34489,2202.373,1.306,45340
35,57,Torrance,NM,-106.1027,34.870562,15045,3345.213,0.894,10740
35,61,Valencia,NM,-106.722815,34.755709,76205,1066.744,1.066,10740
36,1,Albany,NY,-73.811637,42.680589,314848,522.888,10.414,10580
36,5,Bronx,NY,-73.882271,40.849395,1472654,42.172,15.198,35620
36,7,Broome,NY,-75.936264,42.120758,198683,705.638,9.695,13780
36,9,Cattaraugus,NY,-78.608393,42.223696,77042,1308.163,14.202,36460
36,11,Cayuga,NY,-76.560652,42.938915,76248,691.583,172.089,12180
36,13,Chautauqua,NY,-79.314802,42.245031,127657,1060.412,439.78,27460
36,15,Chemung,NY,-76.813813,42.120553,84148,407.333,3.427,21300
36,19,Clinton,NY,-73.542837,44.72994,79843,1037.751,79.762,38460
36,21,Columbia,NY,-73.680411,42.274439,61570,634.663,13.541,26460
36,23,Cortland,NY,-76.146202,42.595471,46809,498.774,2.745,18660
36,27,Dutchess,NY,-73.84154,41.678068,295911,795.649,29.696,28880
36,29,Erie,NY,-78.792727,42.891147,954236,1042.731,184.124,15380
36,35,Fulton,NY,-74.329857,43.058597,53324,495.46,37.42,24100
36,37,Genesee,NY,-78.171041,42.998899,58388,492.939,2.37,12860
36,43,Herkimer,NY,-74.994925,43.071299,60139,1411.54,46.47,46540
36,45,Jefferson,NY,-75.89504,44.019862,116721,1268.704,588.653,48060
36,47,Kings,NY,-73.954985,40.651666,2736074,69.377,27.475,35620
36,51,Livingston,NY,-77.762787,42.769037,61834,631.762,8.496,40380
36,53,Madison,NY,-75.719961,42.98686,68016,654.85,6.445,45060
36,55,Monroe,NY,-77.618985,43.160725,759443,656.943,709.761,40380
36,57,Montgomery,NY,-74.344144,42.93271,49532,403.111,7.187,11220
36,59,Nassau,NY,-73.603664,40.716432,1395774,284.542,168.839,35620
36,61,New York,NY,-73.967437,40.776422,1694251,22.656,11.203,35620
36,63,Niagara,NY,-78.851139,43.134406,212666,522.353,617.317,15380
36,65,Oneida,NY,-75.355941,43.146277,232125,1212.331,45.312,46540
36,67,Onondaga,NY,-76.167376,43.067977,476516,778.393,27.225,45060
36,69,Ontario,NY,-77.266946,42.902312,112458,644.075,18.477,40380
36,71,Orange,NY,-74.239375,41.41957,401310,812.318,26.267,28880
36,73,Orleans,NY,-78.224364,43.249285,40343,391.263,426.157,40380
36,75,Oswego,NY,-76.31179,43.392222,117525,951.646,360.417,45060
36,77,Otsego,NY,-75.060236,42.564145,58524,1001.737,14.021,36580
36,79,Putnam,NY,-73.718558,41.410932,97668,230.203,15.918,35620
36,81,Queens,NY,-73.834008,40.721204,2405464,108.724,72.759,35620
36,83,Rensselaer,NY,-73.631993,42.699563,161130,652.459,12.944,10580
36,85,Richmond,NY,-74.136701,40.589259,495747,57.523,45.344,35620
36,87,Rockland,NY,-74.02214,41.127445,338329,173.444,25.809,35620
36,89,St. Lawrence,NY,-75.147873,44.652827,108505,2679.516,141.8,32390
36,91,Saratoga,NY,-73.784353,43.007918,235509,809.996,33.812,10580
36,93,Schenectady,NY,-73.945253,42.809147,158061,204.581,4.863,10580
36,95,Schoharie,NY,-74.435708,42.64398,29714,621.819,4.508,10580
36,99,Seneca,NY,-76.827711,42.82851,33814,323.698,66.726,42900
36,101,Steuben,NY,-77.31968,42.264824,93584,1390.508,13.529,18500
36,103,Suffolk,NY,-73.103278,40.823365,1525920,911.174,1462.078,35620
36,105,Sullivan,NY,-74.698587,41.698542,78624,968.145,28.47,33910
36,107,Tioga,NY,-76.298893,42.121424,48455,518.767,4.264,13780
36,109,Tompkins,NY,-76.478989,42.459082,105740,474.642,16.906,27060
36,111,Ulster,NY,-74.098362,41.841749,181851,1124.236,36.524,28740
36,113,Warren,NY,-73.711242,43.392942,65737,867.217,64.384,24020
36,115,Washington,NY,-73.460751,43.289043,61302,831.167,14.721,24020
36,117,Wayne,NY,-77.130245,43.143635,91283,603.83,779.226,40380
36,119,Westchester,NY,-73.80547,41.038581,1004457,430.723,69.358,35620
37,1,Alamance,NC,-79.413154,36.071544,171415,423.452,10.788,15500
37,3,Alexander,NC,-81.193451,35.889332,36444,259.985,3.647,25860
37,7,Anson,NC,-80.110797,34.974145,22055,531.461,5.638,16740
37,13,Beaufort,NC,-76.961773,35.521622,44652,832.736,130.112,47820
37,19,Brunswick,NC,-78.216619,34.041766,136693,850.083,199.46,48900
37,21,Buncombe,NC,-82.551811,35.585308,269452,656.497,3.453,11700
37,23,Burke,NC,-81.641243,35.73127,87570,506.237,8.0,25860
37,25,Cabarrus,NC,-80.621106,35.395655,225804,361.232,2.697,16740
37,27,Caldwell,NC,-81.502542,35.873003,80652,471.888,2.723,25860
37,29,Camden,NC,-76.197747,36.369324,10355,240.33,69.927,47260
37,31,Carteret,NC,-76.818665,34.744126,67686,507.604,822.807,33980
37,35,Catawba,NC,-81.245331,35.695474,160610,401.374,14.65,25860
37,37,Chatham,NC,-79.208387,35.756012,76285,681.679,27.252,20500
37,45,Cleveland,NC,-81.515786,35.291366,99519,464.249,3.93,43140
37,49,Craven,NC,-77.04141,35.069158,100720,706.573,66.71,35100
37,51,Cumberland,NC,-78.937283,35.054571,334728,652.556,5.922,22180
37,53,Currituck,NC,-76.016801,36.403222,28100,261.909,264.518,47260
37,55,Dare,NC,-75.676005,35.920369,36915,383.229,1158.505,28620
37,57,Davidson,NC,-80.200515,35.857903,168930,553.178,14.521,49180
37,59,Davie,NC,-80.52037,35.931411,42712,263.699,2.9,49180
37,63,Durham,NC,-78.901717,35.986154,324833,286.525,11.338,20500
37,65,Edgecombe,NC,-77.656133,35.902358,48900,505.436,1.431,40580
37,67,Forsyth,NC,-80.258522,36.104617,382590,407.851,4.501,49180
37,69,Franklin,NC,-78.354026,36.044193,68573,491.802,2.77,39580
37,71,Gaston,NC,-81.150823,35.273689,227943,355.752,7.933,16740
37,73,Gates,NC,-76.706981,36.464578,10478,340.612,5.132,47260
37,81,Guilford,NC,-79.847354,36.066734,541299,645.922,11.714,24660
37,83,Halifax,NC,-77.67408,36.36143,48622,723.738,6.533,40260
37,85,Harnett,NC,-78.867419,35.354081,133568,594.933,6.291,11360
37,87,Haywood,NC,-82.943122,35.518934,62089,553.56,0.942,48200
37,89,Henderson,NC,-82.471646,35.341636,116281,372.949,2.136,11700
37,93,Hoke,NC,-79.170107,34.992582,52082,390.153,1.525,22180
37,97,Iredell,NC,-80.866837,35.694772,186693,574.409,22.984,16740
37,101,Johnston,NC,-78.419098,35.570579,215999,792.017,3.627,39580
37,103,Jones,NC,-77.354076,35.030718,9172,471.368,2.329,35100
37,105,Lee,NC,-79.173582,35.453843,63285,255.062,4.141,41820
37,107,Lenoir,NC,-77.633969,35.260621,55122,399.087,2.278,28820
37,109,Lincoln,NC,-81.162521,35.485544,86810,295.847,9.016,16740
37,111,McDowell,NC,-82.019915,35.667381,44578,439.954,5.397,32000
37,115,Madison,NC,-82.636142,35.839031,21193,449.615,1.869,11700
37,119,Mecklenburg,NC,-80.819873,35.225341,1115482,523.605,22.475,16740
37,125,Moore,NC,-79.439212,35.23777,99727,697.68,7.997,38240
37,127,Nash,NC,-77.925858,35.945971,94970,540.444,2.384,40580
37,129,New Hanover,NC,-77.878389,34.210212,225702,192.255,136.604,48900
37,131,Northampton,NC,-77.450044,36.44074,17471,536.695,13.858,40260
37,133,Onslow,NC,-77.405266,34.734255,204576,762.075,143.119,27340
37,135,Orange,NC,-79.082329,35.980115,148696,397.559,3.4,20500
37,137,Pamlico,NC,-76.782234,35.102112,12276,336.515,225.112,35100
37,139,Pasquotank,NC,-76.247331,36.294076,40568,226.882,62.448,21020
37,141,Pender,NC,-77.806662,34.453784,60203,871.296,62.87,48900
37,145,Person,NC,-78.97044,36.37201,39097,392.34,12.048,20500
37,147,Pitt,NC,-77.383372,35.576487,170243,652.366,3.184,24780
37,151,Randolph,NC,-79.829145,35.766153,144171,782.337,7.627,24660
37,153,Richmond,NC,-79.735374,34.942668,42946,473.689,6.014,40460
37,155,Robeson,NC,-79.091794,34.677173,116530,947.295,1.96,31300
37,157,Rockingham,NC,-79.773426,36.40032,91096,565.642,7.118,24660
37,159,Rowan,NC,-80.522841,35.620923,146875,511.608,12.343,16740
37,161,Rutherford,NC,-81.897864,35.350767,64444,565.437,1.812,22580
37,165,Scotland,NC,-79.473966,34.785743,34174,319.14,1.483,29900
37,167,Stanly,NC,-80.251909,35.320568,62504,395.079,9.725,10620
37,169,Stokes,NC,-80.275236,36.349476,44520,449.345,6.787,49180
37,171,Surry,NC,-80.657197,36.431129,71359,532.645,4.012,34340
37,175,Transylvania,NC,-82.743077,35.210116,32986,378.358,1.966,14820
37,179,Union,NC,-80.631967,35.01249,238267,632.736,6.908,16740
37,181,Vance,NC,-78.402975,36.332774,42578,252.396,16.29,25780
37,183,Wake,NC,-78.679962,35.795346,1129410,834.587,22.426,39580
37,189,Watauga,NC,-81.686035,36.218213,54086,312.438,0.879,14380
37,191,Wayne,NC,-77.986675,35.372889,117333,553.922,3.8,24140
37,193,Wilkes,NC,-81.133714,36.191877,65969,753.679,2.646,35900
37,195,Wilson,NC,-77.93379,35.727699,78784,367.574,5.534,48980
37,197,Yadkin,NC,-80.673979,36.164018,37214,334.942,2.771,49180
38,7,Billings,ND,-103.306329,47.00341,945,1148.488,4.628,19860
38,15,Burleigh,ND,-100.761269,46.823125,98458,1632.694,35.788,13900
38,17,Cass,ND,-96.866085,46.853248,184525,1764.935,2.876,22020
38,25,Dunn,ND,-102.638185,47.337232,4095,2008.492,73.564,19860
38,35,Grand Forks,ND,-97.114067,47.904107,73170,1436.225,3.192,24220
38,49,McHenry,ND,-100.700743,48.179669,5345,1873.942,37.577,33500
38,59,Morton,ND,-100.987436,46.82084,33291,1925.888,19.279,13900
38,65,Oliver,ND,-101.30705,47.120347,1877,722.404,8.678,13900
38,75,Renville,ND,-101.513019,48.71223,2282,877.244,15.698,33500
38,77,Richland,ND,-96.76508,46.265439,16529,1435.674,9.666,47420
38,89,Stark,ND,-102.784958,46.883324,33646,1334.913,5.415,19860
38,93,Stutsman,ND,-98.73948,46.917429,21593,2221.904,76.167,27420
38,101,Ward,ND,-101.324255,48.251003,69919,2013.028,42.952,33500
38,105,Williams,ND,-103.581969,48.198161,40950,2077.6,70.207,48780
39,3,Allen,OH,-84.123687,40.757218,102206,402.545,4.306,30620
39,5,Ashland,OH,-82.284305,40.854406,52447,422.987,3.848,11740
39,7,Ashtabula,OH,-80.769023,41.792138,97574,702.067,665.838,17410
39,9,Athens,OH,-82.09958,39.342729,62431,503.644,4.773,11900
39,11,Auglaize,OH,-84.27252,40.543994,46422,401.388,0.517,47540
39,13,Belmont,OH,-80.892944,40.042452,66497,532.127,9.148,48540
39,15,Brown,OH,-83.892764,38.952078,43676,489.543,3.428,17140
39,17,Butler,OH,-84.498421,39.41063,390357,466.524,3.543,17140
39,19,Carroll,OH,-81.114233,40.608768,26721,394.612,4.318,15940
39,21,Champaign,OH,-83.756495,40.121157,38714,428.989,0.839,46500
39,23,Clark,OH,-83.83172,39.927551,136001,396.877,5.641,44220
39,25,Clermont,OH,-84.213831,39.104936,208601,452.56,7.674,17140
39,27,Clinton,OH,-83.84298,39.411451,42018,408.731,3.602,48940
39,29,Columbiana,OH,-80.730613,40.780285,101877,531.917,2.81,41400
39,31,Coshocton,OH,-81.863132,40.291486,36612,563.988,3.525,18740
39,33,Crawford,OH,-82.873456,40.796314,42025,401.786,0.911,15340
39,35,Cuyahoga,OH,-81.677451,41.448408,1264817,457.211,788.318,17410
39,37,Darke,OH,-84.606299,40.116114,51881,598.102,1.639,24820
39,39,Defiance,OH,-84.448702,41.29476,38286,411.45,2.731,19580
39,41,Delaware,OH,-83.012316,40.213434,214124,443.147,14.169,18140
39,43,Erie,OH,-82.62729,41.40534,75622,251.288,374.496,41780
39,45,Fairfield,OH,-82.672891,39.799356,158921,504.365,4.197,18140
39,47,Fayette,OH,-83.443856,39.548507,28951,406.361,0.654,47920
39,49,Franklin,OH,-82.992171,40.001224,1323807,532.417,11.209,18140
39,51,Fulton,OH,-84.095238,41.57813,42713,405.447,1.771,45780
39,53,Gallia,OH,-82.275222,38.83179,29220,466.53,4.667,23680
39,55,Geauga,OH,-81.223418,41.487507,95397,400.301,7.993,17410
39,57,Greene,OH,-83.997172,39.725798,167966,413.559,2.626,19430
39,59,Guernsey,OH,-81.541964,40.017747,38438,522.254,6.049,15740
39,61,Hamilton,OH,-84.509096,39.181054,830639,405.407,7.233,17140
39,63,Hancock,OH,-83.642078,41.038819,74920,531.325,2.325,22300
39,73,Hocking,OH,-82.449693,39.524899,28050,421.349,2.3,18140
39,77,Huron,OH,-82.613754,41.176384,58565,492.243,3.332,35940
39,81,Jefferson,OH,-80.692361,40.365484,65249,408.124,2.832,48260
39,83,Knox,OH,-82.454323,40.400283,62721,525.499,4.139,34540
39,85,Lake,OH,-81.319872,41.685007,232603,229.27,749.927,17410
39,87,Lawrence,OH,-82.538753,38.50139,58240,453.393,3.873,26580
39,89,Licking,OH,-82.52159,40.051058,178519,682.427,4.927,18140
39,91,Logan,OH,-83.776776,40.382633,46150,458.506,8.337,13340
39,93,Lorain,OH,-82.110224,41.391668,312964,490.536,432.239,17410
39,95,Lucas,OH,-83.620346,41.651951,431279,339.663,256.174,45780
39,97,Madison,OH,-83.378429,39.923532,43824,465.814,0.822,18140
39,99,Mahoning,OH,-80.697024,41.048246,228614,411.488,13.69,49660
39,101,Marion,OH,-83.127065,40.582108,65359,403.806,0.351,32020
39,103,Medina,OH,-81.837739,41.14417,182470,421.458,1.62,17410
39,107,Mercer,OH,-84.606448,40.515597,42528,462.447,10.978,16380
39,109,Miami,OH,-84.229494,40.039896,108774,406.521,3.06,19430
39,113,Montgomery,OH,-84.206384,39.744183,537309,461.351,2.894,19430
39,117,Morrow,OH,-82.793839,40.51851,34950,406.134,1.089,18140
39,119,Muskingum,OH,-81.996844,39.963489,86410,664.546,8.04,49780
39,123,Ottawa,OH,-83.080376,41.532537,40364,254.704,330.373,41780
39,127,Perry,OH,-82.237977,39.758487,35408,407.934,4.552,18140
39,129,Pickaway,OH,-82.992679,39.671077,58539,501.228,5.324,18140
39,133,Portage,OH,-81.276935,41.18075,161791,487.405,16.651,10420
39,139,Richland,OH,-82.54039,40.761551,124936,495.227,4.849,31900
39,141,Ross,OH,-83.023023,39.341679,77093,689.166,3.859,17060
39,143,Sandusky,OH,-83.100451,41.340365,58896,408.246,9.465,23380
39,145,Scioto,OH,-82.944686,38.780894,74008,610.145,6.216,39020
39,147,Seneca,OH,-83.202108,41.127755,55069,551.026,1.767,45660
39,149,Shelby,OH,-84.194302,40.319534,48230,407.694,3.013,43380
39,151,Stark,OH,-81.38898,40.837592,374853,575.265,5.269,15940
39,153,Summit,OH,-81.511871,41.11615,540428,412.793,7.339,10420
39,155,Trumbull,OH,-80.759943,41.240483,201977,618.101,18.477,49660
39,157,Tuscarawas,OH,-81.467009,40.481355,93263,567.389,4.019,35420
39,159,Union,OH,-83.334873,40.241874,62784,431.759,5.131,18140
39,161,Van Wert,OH,-84.565846,40.856227,28931,409.15,1.269,46780
39,165,Warren,OH,-84.24395,39.423255,242337,401.427,6.054,17140
39,167,Washington,OH,-81.517688,39.409803,59771,631.974,8.025,31930
39,169,Wayne,OH,-81.864476,40.836466,116894,554.789,1.946,49300
39,173,Wood,OH,-83.602769,41.453257,132248,617.162,3.366,45780
40,9,Beckham,OK,-99.511022,35.361158,22410,901.675,2.132,21120
40,13,Bryan,OK,-96.386125,33.980731,46067,904.253,39.404,20460
40,17,Canadian,OK,-97.766177,35.493359,154405,896.573,8.937,36420
40,19,Carter,OK,-97.19745,34.189514,48003,822.204,11.577,11620
40,21,Cherokee,OK,-94.995607,35.902314,47078,749.127,26.896,45140
40,27,Cleveland,OK,-97.450434,35.269308,295528,538.901,19.007,36420
40,31,Comanche,OK,-98.419449,34.633044,121125,1069.322,14.541,30020
40,33,Cotton,OK,-98.331491,34.31257,5527,632.639,9.26,30020
40,37,Creek,OK,-96.226043,35.9754,71754,949.942,19.573,46140
40,39,Custer,OK,-98.828737,35.547694,28513,988.779,13.254,48220
40,47,Garfield,OK,-97.885455,36.398481,62846,1058.507,1.574,21420
40,51,Grady,OK,-97.850428,35.112409,54795,1100.54,4.392,36420
40,65,Jackson,OK,-99.331416,34.657239,24785,802.653,1.589,11060
40,71,Kay,OK,-97.125201,36.744254,43700,919.597,25.32,38620
40,81,Lincoln,OK,-96.882274,35.656322,33458,952.372,13.405,36420
40,83,Logan,OK,-97.442909,35.822271,49555,743.736,5.098,36420
40,87,McClain,OK,-97.527577,35.106328,41662,570.717,9.541,36420
40,101,Muskogee,OK,-95.366561,35.71185,66339,810.624,29.39,34780
40,109,Oklahoma,OK,-97.512375,35.52553,796292,708.897,9.545,36420
40,111,Okmulgee,OK,-95.969216,35.617922,36706,697.443,5.004,46140
40,113,Osage,OK,-96.228583,36.415208,45818,2246.608,57.422,46140
40,115,Ottawa,OK,-94.834841,36.857439,30285,470.817,13.789,33060
40,117,Pawnee,OK,-96.539216,36.270375,15553,568.353,26.583,46140
40,119,Payne,OK,-97.007049,36.0913,81646,684.901,12.352,44660
40,121,Pittsburg,OK,-95.721263,34.956346,43773,1305.522,72.363,32540
40,123,Pontotoc,OK,-96.67319,34.774213,38065,720.411,4.855,10220
40,125,Pottawatomie,OK,-96.952883,35.321377,72454,787.793,5.732,43060
40,131,Rogers,OK,-95.650597,36.31533,95240,675.747,35.887,46140
40,135,Sequoyah,OK,-94.729702,35.466206,39281,673.561,40.584,22900
40,137,Stephens,OK,-97.946619,34.518536,42848,870.209,21.171,20340
40,139,Texas,OK,-101.448408,36.712185,21384,2041.273,7.42,25100
40,143,Tulsa,OK,-95.91151,36.1027,669279,570.217,16.598,46140
40,145,Wagoner,OK,-95.627565,36.015963,80981,561.916,28.886,46140
40,147,Washington,OK,-95.937432,36.728457,52455,415.524,8.831,12780
40,149,Washita,OK,-99.05353,35.314336,10924,1003.089,5.629,48220
40,153,Woodward,OK,-99.383574,36.423748,20470,1242.786,3.743,49260
41,1,Baker,OR,-117.762087,44.780021,16668,3067.967,20.013,12520
41,3,Benton,OR,-123.275062,44.573123,95184,675.182,2.989,18700
41,5,Clackamas,OR,-122.575016,45.363411,421401,1870.673,12.31,38900
41,7,Clatsop,OR,-123.841041,46.098894,41072,828.13,255.466,11820
41,9,Columbia,OR,-122.929381,45.889969,52589,658.684,30.291,38900
41,11,Coos,OR,-124.232445,43.305461,64929,1596.065,210.292,18300
41,13,Crook,OR,-120.843605,44.283564,24738,2978.929,8.11,13460
41,15,Curry,OR,-124.327962,42.251867,23446,1628.382,360.857,15060
41,17,Deschutes,OR,-121.306213,44.090954,198253,3017.618,36.567,13460
41,19,Douglas,OR,-123.388771,43.239963,111201,5035.711,97.247,40700
41,27,Hood River,OR,-121.565661,45.658959,23977,522.087,11.214,26220
41,29,Jackson,OR,-122.858631,42.347769,223259,2783.252,18.06,32780
41,31,Jefferson,OR,-121.190361,44.591478,24502,1781.701,10.121,13460
41,33,Josephine,OR,-123.38517,42.404433,88090,1638.649,2.174,24420
41,35,Klamath,OR,-121.726802,42.285893,69413,5949.977,187.243,28900
41,39,Lane,OR,-123.119235,44.039563,382971,4554.091,168.364,21660
41,41,Lincoln,OR,-124.002001,44.713731,50395,980.982,213.572,35440
41,43,Linn,OR,-122.959471,44.556336,128610,2289.277,19.325,10540
41,45,Malheur,OR,-117.06114,43.975358,31571,9887.71,42.084,36620
41,47,Marion,OR,-122.955907,44.960149,345920,1181.097,10.254,41420
41,49,Morrow,OR,-119.617276,45.739056,12186,2030.529,17.132,25840
41,51,Multnomah,OR,-122.591156,45.517904,815428,431.159,34.011,38900
41,53,Polk,OR,-123.20811,44.920857,87433,740.924,3.145,41420
41,59,Umatilla,OR,-118.967455,45.801243,80075,3215.448,16.071,25840
41,61,Union,OR,-118.018208,45.341591,26196,2036.941,1.906,29260
41,65,Wasco,OR,-121.204066,45.541482,26670,2381.136,13.793,45520
41,67,Washington,OR,-122.87092,45.486067,600372,724.272,2.362,38900
41,71,Yamhill,OR,-123.136974,45.239528,107722,715.942,2.464,38900
42,1,Adams,PA,-77.157037,39.851137,103852,518.69,3.001,23900
42,3,Allegheny,PA,-79.971635,40.447811,1250578,729.954,14.303,38300
42,5,Armstrong,PA,-79.51099,40.769635,65558,653.321,10.651,38300
42,7,Beaver,PA,-80.302021,40.684267,168215,434.695,9.329,38300
42,11,Berks,PA,-75.909878,40.362681,428849,856.403,9.351,39740
42,13,Blair,PA,-78.376585,40.487156,122822,525.276,1.272,11020
42,15,Bradford,PA,-76.527899,41.833895,59967,1147.474,13.591,42380
42,17,Bucks,PA,-75.026366,40.239408,646538,604.367,17.488,37980
42,19,Butler,PA,-79.966512,40.821598,193763,789.486,6.176,38300
42,21,Cambria,PA,-78.800185,40.408084,133472,687.51,5.221,27780
42,25,Carbon,PA,-75.708895,40.871955,64749,381.324,6.111,10900
42,27,Centre,PA,-77.836167,40.839811,158172,1108.708,4.316,44300
42,29,Chester,PA,-75.678116,39.993381,534413,750.546,8.653,37980
42,33,Clearfield,PA,-78.499291,40.991528,80562,1145.325,9.241,20180
42,35,Clinton,PA,-77.448809,41.140123,37450,887.984,8.949,30820
42,37,Columbia,PA,-76.389553,41.038653,64727,483.212,7.182,14100
42,39,Crawford,PA,-80.098406,41.666386,83938,1012.355,25.247,32740
42,41,Cumberland,PA,-77.092609,40.205907,259469,545.48,4.831,25420
42,43,Dauphin,PA,-76.796486,40.304616,286401,524.87,33.285,25420
42,45,Delaware,PA,-75.348866,39.922639,576830,183.815,6.789,37980
42,47,Elk,PA,-78.619743,41.419129,30990,826.901,4.939,41260
42,49,Erie,PA,-80.07268,42.068563,270876,798.913,759.17,21500
42,51,Fayette,PA,-79.71596,39.949204,128804,790.758,7.968,38300
42,55,Franklin,PA,-77.654852,39.883461,155932,772.299,0.598,16540
42,61,Huntingdon,PA,-78.002926,40.428603,44092,874.652,14.615,26500
42,63,Indiana,PA,-79.1305,40.617473,83246,827.404,6.984,26860
42,69,Lackawanna,PA,-75.636396,41.441461,215896,459.013,6.145,42540
42,71,Lancaster,PA,-76.29248,40.07391,552984,943.924,39.911,29540
42,73,Lawrence,PA,-80.336455,40.986789,86070,357.365,4.419,38300
42,75,Lebanon,PA,-76.443132,40.340342,143257,361.835,0.665,30140
42,77,Lehigh,PA,-75.509406,40.597849,374557,345.332,2.887,10900
42,79,Luzerne,PA,-75.928422,41.195284,325594,889.663,16.257,42540
42,81,Lycoming,PA,-76.981292,41.24927,114188,1228.92,15.026,48700
42,83,McKean,PA,-78.58325,41.865244,40432,979.694,5.033,14620
42,85,Mercer,PA,-80.336703,41.263855,110652,672.52,10.043,25850
42,87,Mifflin,PA,-77.615882,40.60427,46143,411.045,3.671,30380
42,89,Monroe,PA,-75.305852,41.038639,168327,608.357,8.754,20700
42,91,Montgomery,PA,-75.314499,40.169483,856553,482.971,4.241,37980
42,93,Montour,PA,-76.630209,40.996765,18136,130.241,2.088,44980
42,95,Northampton,PA,-75.320858,40.699145,312951,369.788,7.358,10900
42,97,Northumberland,PA,-76.684501,40.874558,91647,457.664,19.566,44980
42,99,Perry,PA,-77.154446,40.410783,45842,551.449,4.089,25420
42,101,Philadelphia,PA,-75.139476,40.003523,1603797,134.356,8.342,37980
42,103,Pike,PA,-74.983463,41.302389,58535,544.895,21.923,25770
42,107,Schuylkill,PA,-76.195872,40.712667,143049,778.579,4.178,39060
42,109,Snyder,PA,-76.980927,40.787382,39736,328.784,2.764,42780
42,111,Somerset,PA,-79.012353,40.029001,74129,1075.047,6.61,43740
42,119,Union,PA,-76.959238,40.970242,42681,315.952,1.785,30260
42,121,Venango,PA,-79.765355,41.404235,50454,674.265,8.552,36340
42,123,Warren,PA,-79.233295,41.853111,38587,884.282,14.428,47620
42,125,Washington,PA,-80.146146,40.20836,209349,857.01,3.84,38300
42,129,Westmoreland,PA,-79.594629,40.340199,354663,1027.712,8.222,38300
42,131,Wyoming,PA,-75.938649,41.538722,26069,397.376,7.733,42540
42,133,York,PA,-76.75372,39.941929,456438,904.366,6.372,49620
44,1,Bristol,RI,-71.284716,41.712608,50793,24.132,20.602,39300
44,3,Kent,RI,-71.488956,41.698511,170363,168.566,19.572,39300
44,5,Newport,RI,-71.266556,41.548629,85643,102.431,211.199,39300
44,7,Providence,RI,-71.449675,41.857227,660741,409.482,26.205,39300
44,9,Washington,RI,-71.590046,41.467323,129839,329.279,233.503,39300
45,1,Abbeville,SC,-82.422103,34.241575,24295,491.193,20.549,24940
45,3,Aiken,SC,-81.774519,33.535704,168808,1070.688,9.481,12260
45,7,Anderson,SC,-82.61662,34.564685,203718,713.854,41.909,24860
45,13,Beaufort,SC,-80.786927,32.317957,187117,576.037,347.443,25940
45,15,Berkeley,SC,-80.035006,33.059268,229861,1103.62,130.261,16700
45,17,Calhoun,SC,-80.822118,33.677921,14119,381.152,11.333,17900
45,19,Charleston,SC,-79.978136,32.825793,408235,917.979,440.01,16700
45,21,Cherokee,SC,-81.648305,35.080959,56216,392.964,4.514,23500
45,23,Chester,SC,-81.118573,34.704401,32294,580.661,5.502,16740
45,31,Darlington,SC,-79.985464,34.326094,62905,560.588,5.663,22500
45,35,Dorchester,SC,-80.212663,32.995941,161540,568.594,2.589,16700
45,37,Edgefield,SC,-81.923002,33.713128,25657,500.71,6.293,12260
45,39,Fairfield,SC,-81.069334,34.361268,20948,686.305,23.577,17900
45,41,Florence,SC,-79.764677,34.106046,137059,800.505,3.771,22500
45,43,Georgetown,SC,-79.250947,33.457552,63404,813.612,221.221,34680
45,45,Greenville,SC,-82.331257,34.844659,525534,785.933,9.642,24860
45,47,Greenwood,SC,-82.147907,34.205171,69351,455.604,8.209,24940
45,51,Horry,SC,-78.937681,33.780221,351029,1133.306,121.42,34820
45,53,Jasper,SC,-81.002142,32.407305,28791,655.16,46.421,25940
45,55,Kershaw,SC,-80.650865,34.257249,65403,726.612,13.648,17900
45,57,Lancaster,SC,-80.771843,34.804751,96016,549.068,5.98,16740
45,59,Laurens,SC,-82.032019,34.509505,67539,712.87,10.063,24860
45,63,Lexington,SC,-81.218934,33.962205,293991,698.998,58.623,17900
45,71,Newberry,SC,-81.573551,34.264651,37719,630.293,16.993,35140
45,73,Oconee,SC,-83.002043,34.707527,78607,626.556,47.006,42860
45,75,Orangeburg,SC,-80.798783,33.47176,84223,1106.375,21.509,36700
45,77,Pickens,SC,-82.689713,34.805302,131404,496.94,15.811,24860
45,79,Richland,SC,-80.988835,34.067968,416147,757.279,14.675,17900
45,81,Saluda,SC,-81.702809,33.99882,18862,452.715,8.92,17900
45,83,Spartanburg,SC,-82.007751,34.963891,327997,808.373,11.4,43900
45,85,Sumter,SC,-80.389604,33.929496,105556,665.078,17.007,44940
45,87,Union,SC,-81.627678,34.733128,27244,513.585,1.85,43900
45,91,York,SC,-81.051363,34.998556,282090,681.034,15.063,16740
46,5,Beadle,SD,-98.2277,44.367306,19149,1258.698,6.114,26700
46,11,Brookings,SD,-96.785884,44.31091,34375,792.217,12.719,15100
46,13,Brown,SD,-98.451669,45.475353,38301,1713.03,17.921,10100
46,27,Clay,SD,-96.936772,42.808955,14967,412.031,5.388,46820
46,29,Codington,SD,-97.129856,44.91407,28325,687.585,29.579,47980
46,33,Custer,SD,-103.514861,43.740721,8318,1556.943,2.12,39660
46,35,Davison,SD,-98.040431,43.706382,19956,435.633,1.315,33580
46,45,Edmunds,SD,-99.148719,45.453421,3986,1125.98,25.085,10100
46,61,Hanson,SD,-97.771709,43.656069,3461,434.582,0.773,33580
46,65,Hughes,SD,-100.305301,44.38283,17765,741.527,59.198,38180
46,81,Lawrence,SD,-103.805876,44.453405,25768,800.053,0.258,43940
46,83,Lincoln,SD,-96.744487,43.441142,65161,577.293,0.455,43620
46,87,McCook,SD,-97.348311,43.661486,5682,574.205,2.662,43620
46,93,Meade,SD,-103.280064,44.281372,29852,3470.934,11.87,39660
46,99,Minnehaha,SD,-96.731507,43.558266,197214,806.838,7.023,43620
46,103,Pennington,SD,-103.210935,44.064853,109222,2776.765,7.694,39660
46,111,Sanborn,SD,-98.14513,44.005619,2330,569.242,1.209,33580
46,117,Stanley,SD,-100.448102,44.372239,2980,1444.432,72.735,38180
46,125,Turner,SD,-97.112768,43.304408,8673,617.064,0.632,43620
46,127,Union,SD,-96.592222,42.681007,16811,460.757,6.372,43580
46,135,Yankton,SD,-97.396931,42.90126,23310,521.189,11.072,49460
47,1,Anderson,TN,-84.178765,36.081238,77123,337.203,7.593,28940
47,3,Bedford,TN,-86.465018,35.512233,50237,473.639,1.151,43180
47,9,Blount,TN,-83.973461,35.753197,135280,558.82,7.783,28940
47,11,Bradley,TN,-84.859688,35.167425,108620,328.762,2.687,17420
47,13,Campbell,TN,-84.125957,36.381486,39272,480.19,17.925,28940
47,15,Cannon,TN,-86.063976,35.799353,14506,265.635,0.06,34980
47,19,Carter,TN,-82.203404,36.31899,56356,341.258,6.436,27740
47,21,Cheatham,TN,-87.063519,36.272282,41072,302.503,4.564,34980
47,23,Chester,TN,-88.62251,35.438266,17341,285.736,0.222,27180
47,29,Cocke,TN,-83.174047,35.947274,35999,436.135,6.924,35460
47,31,Coffee,TN,-86.124582,35.454229,57889,428.964,5.591,46100
47,33,Crockett,TN,-89.120017,35.787543,13911,265.528,0.211,27180
47,35,Cumberland,TN,-85.017779,35.955637,61145,681.306,3.513,18900
47,37,Davidson,TN,-86.744752,36.137771,715884,503.695,21.862,34980
47,43,Dickson,TN,-87.343938,36.104233,54315,489.898,1.422,34980
47,45,Dyer,TN,-89.358361,36.059417,36801,512.351,13.838,20540
47,47,Fayette,TN,-89.479763,35.201116,41990,704.775,1.457,32820
47,51,Franklin,TN,-86.116159,35.208173,42774,554.497,21.254,49010
47,53,Gibson,TN,-88.870969,35.932264,50429,602.745,0.905,27180
47,57,Grainger,TN,-83.48663,36.266188,23527,280.587,21.854,28940
47,59,Greene,TN,-82.832594,36.17748,70152,622.169,1.969,24620
47,63,Hamblen,TN,-83.297502,36.215549,64499,161.188,14.615,34100
47,65,Hamilton,TN,-85.201806,35.093764,366207,542.164,33.508,16860
47,73,Hawkins,TN,-82.874023,36.463,56721,487.056,12.564,28700
47,79,Henry,TN,-88.291369,36.319829,32199,561.902,31.499,37540
47,81,Hickman,TN,-87.405499,35.85471,24925,612.483,0.144,34980
47,87,Jackson,TN,-85.629403,36.327984,11617,308.798,10.727,18260
47,89,Jefferson,TN,-83.453077,36.064823,54683,275.073,39.244,34100
47,93,Knox,TN,-83.991621,35.971886,478971,508.332,17.589,28940
47,99,Lawrence,TN,-87.353601,35.237607,44159,617.13,0.857,29980
47,103,Lincoln,TN,-86.57174,35.105199,35319,570.342,0.375,22190
47,105,Loudon,TN,-84.284282,35.760641,54886,229.272,18.097,28940
47,107,McMinn,TN,-84.598722,35.426045,53276,430.117,2.062,11940
47,111,Macon,TN,-86.025628,36.535265,25216,307.144,0.095,34980
47,113,Madison,TN,-88.824487,35.653504,98823,557.174,1.451,27180
47,115,Marion,TN,-85.608797,35.10952,28837,498.254,14.087,16860
47,117,Marshall,TN,-86.770825,35.496732,34318,375.462,0.696,30280
47,119,Maury,TN,-87.029196,35.635591,100974,613.139,2.44,34980
47,121,Meigs,TN,-84.816211,35.502098,12758,195.135,21.521,11940
47,125,Montgomery,TN,-87.345978,36.557126,220069,539.169,4.66,17300
47,127,Moore,TN,-86.340442,35.296438,6461,129.223,1.194,46100
47,129,Morgan,TN,-84.593205,36.098366,21035,522.18,0.318,28940
47,131,Obion,TN,-89.07991,36.397163,30787,544.847,10.598,46460
47,133,Overton,TN,-85.324939,36.344912,22511,433.485,1.349,18260
47,139,Polk,TN,-84.568406,35.125195,17544,434.605,7.686,17420
47,141,Putnam,TN,-85.503795,36.163157,79854,401.106,1.459,18260
47,145,Roane,TN,-84.52216,35.881148,53404,360.763,34.214,28940
47,147,Robertson,TN,-86.830273,36.48456,72803,476.336,0.177,34980
47,149,Rutherford,TN,-86.450266,35.888267,341486,619.267,4.79,34980
47,153,Sequatchie,TN,-85.391417,35.355415,15826,265.851,0.192,16860
47,155,Sevier,TN,-83.58249,35.864247,98380,592.489,5.208,42940
47,157,Shelby,TN,-89.886356,35.131029,929744,760.554,19.81,32820
47,159,Smith,TN,-85.968175,36.241313,19904,314.295,11.077,34980
47,161,Stewart,TN,-87.800108,36.493716,13657,459.776,33.237,17300
47,163,Sullivan,TN,-82.397127,36.529913,158163,413.442,16.264,28700
47,165,Sumner,TN,-86.536038,36.396228,196281,529.459,13.758,34980
47,167,Tipton,TN,-89.750299,35.47587,60970,455.611,12.627,32820
47,169,Trousdale,TN,-86.153351,36.386235,11615,114.342,2.301,34980
47,171,Unicoi,TN,-82.394706,36.151274,17928,186.064,0.319,27740
47,173,Union,TN,-83.815954,36.245311,19802,223.583,23.554,28940
47,177,Warren,TN,-85.794787,35.695188,40953,432.673,1.361,32660
47,179,Washington,TN,-82.433815,36.325615,133001,326.49,3.334,27740
47,183,Weakley,TN,-88.773817,36.292493,32902,580.353,1.431,32280
47,185,White,TN,-85.488902,35.941573,27351,376.678,2.746,18260
47,187,Williamson,TN,-86.846241,35.912269,247726,582.863,1.165,34980
47,189,Wilson,TN,-86.409498,36.200347,147737,570.871,12.383,34980
48,1,Anderson,TX,-95.683934,31.775312,57922,1062.617,15.384,37300
48,3,Andrews,TX,-102.539607,32.321401,18610,1500.721,0.37,11380
48,5,Angelina,TX,-94.716132,31.313526,86395,797.865,66.912,31260
48,7,Aransas,TX,-97.072506,28.030687,23830,252.069,275.885,18580
48,9,Archer,TX,-98.607348,33.712813,8560,903.289,22.304,48660
48,11,Armstrong,TX,-101.392108,35.092208,1848,909.123,4.704,11100
48,13,Atascosa,TX,-98.578427,29.041628,48981,1219.541,1.929,41700
48,15,Austin,TX,-96.219899,29.850973,30167,646.496,9.883,26420
48,19,Bandera,TX,-99.031596,29.703518,20851,790.994,6.676,41700
48,21,Bastrop,TX,-97.366668,30.142585,97216,888.228,7.34,12420
48,25,Bee,TX,-97.733787,28.395559,31047,880.239,0.095,13300
48,27,Bell,TX,-97.591674,31.08149,370647,1053.831,36.442,28660
48,29,Bexar,TX,-98.532945,29.484685,2009324,1240.32,15.754,41700
48,35,Bosque,TX,-97.570902,31.862115,18235,982.981,19.562,47380
48,37,Bowie,TX,-94.20082,33.436613,92893,884.934,37.992,45500
48,39,Brazoria,TX,-95.385044,29.355331,372031,1363.326,245.343,26420
48,41,Brazos,TX,-96.328757,30.624157,233849,586.138,5.101,17780
48,47,Brooks,TX,-98.144842,27.208714,7076,943.355,0.286,10860
48,49,Brown,TX,-98.989268,31.731619,38095,944.452,12.5,15220
48,51,Burleson,TX,-96.644593,30.475618,17642,659.082,17.777,17780
48,55,Caldwell,TX,-97.674628,29.865312,45883,544.541,1.91,12420
48,57,Calhoun,TX,-96.625881,28.589157,20106,506.937,525.729,38920
48,59,Callahan,TX,-99.452875,32.351779,13708,899.372,1.891,10180
48,61,Cameron,TX,-97.561196,26.047418,421017,891.71,384.719,15180
48,63,Camp,TX,-94.985027,32.990171,12464,195.847,7.386,34420
48,65,Carson,TX,-101.328264,35.382121,5807,920.235,3.871,11100
48,71,Chambers,TX,-94.768972,29.805419,46571,597.078,274.069,26420
48,73,Cherokee,TX,-95.216202,31.913488,50412,1052.955,9.217,27380
48,77,Clay,TX,-98.244798,33.825391,10218,1088.759,27.995,48660
48,79,Cochran,TX,-102.741038,33.689389,2547,775.082,0.088,31180
48,85,Collin,TX,-96.690642,33.112899,1064465,841.255,44.614,19100
48,91,Comal,TX,-98.22166,29.764473,161501,559.528,15.354,41700
48,97,Cooke,TX,-97.13379,33.607384,41668,874.826,23.676,23620
48,99,Coryell,TX,-97.83252,31.236375,83093,1052.248,4.569,28660
48,107,Crosby,TX,-101.357576,33.660414,5133,900.199,1.496,31180
48,113,Dallas,TX,-96.787649,32.809819,2613539,873.055,35.482,19100
48,117,Deaf Smith,TX,-102.402802,34.835619,18583,1496.822,1.516,25820
48,121,Denton,TX,-97.014655,33.116408,906422,878.505,73.156,19100
48,135,Ector,TX,-102.389586,31.866684,165171,897.858,3.96,36220
48,139,Ellis,TX,-96.828008,32.429032,192455,935.748,16.207,19100
48,141,El Paso,TX,-106.365548,31.783025,865657,1013.234,2.055,21340
48,143,Erath,TX,-98.225168,32.21206,42545,1083.179,6.628,44500
48,145,Falls,TX,-96.951052,31.260935,16968,765.495,8.376,47380
48,147,Fannin,TX,-96.181312,33.556926,35662,890.835,8.049,14300
48,153,Floyd,TX,-101.374427,34.039808,5402,992.143,0.38,38380
48,157,Fort Bend,TX,-95.681282,29.620209,822779,861.717,23.533,26420
48,167,Galveston,TX,-95.019324,29.428137,350682,379.286,494.601,26420
48,169,Garza,TX,-101.380565,33.197542,5816,893.416,2.784,31180
48,171,Gillespie,TX,-98.908076,30.273641,26725,1058.202,3.475,23240
48,175,Goliad,TX,-97.362276,28.710579,7012,852.011,7.355,47020
48,179,Gray,TX,-100.939889,35.530415,21227,925.974,3.359,37420
48,181,Grayson,TX,-96.626605,33.644861,135543,932.836,46.361,43300
48,183,Gregg,TX,-94.790846,32.49989,124239,273.38,2.396,30980
48,187,Guadalupe,TX,-98.107377,29.601993,172706,711.253,3.536,41700
48,189,Hale,TX,-101.742413,34.143518,32522,1004.68,0.095,38380
48,199,Hardin,TX,-94.25717,30.29938,56231,890.588,6.964,13140
48,201,Harris,TX,-95.425716,29.816889,4731145,1706.964,70.437,26420
48,203,Harrison,TX,-94.427274,32.534326,68839,900.059,15.695,30980
48,209,Hays,TX,-97.925385,30.009405,241067,676.85,1.951,12420
48,213,Henderson,TX,-95.889359,32.241331,82150,873.781,74.654,11980
48,215,Hidalgo,TX,-98.184508,26.235916,870781,1570.957,11.869,32580
48,219,Hockley,TX,-102.333262,33.583536,21537,908.392,0.172,31180
48,221,Hood,TX,-97.76226,32.434349,61598,420.69,16.13,24180
48,223,Hopkins,TX,-95.589265,33.124495,36787,767.431,25.341,44860
48,227,Howard,TX,-101.463071,32.241408,34860,900.791,3.414,13700
48,229,Hudspeth,TX,-105.546009,31.368286,3202,4570.525,0.846,21340
48,231,Hunt,TX,-96.104497,33.082058,99956,840.416,41.607,19100
48,233,Hutchinson,TX,-101.44712,35.679194,20617,887.42,7.532,14420
48,235,Irion,TX,-100.834684,31.270407,1513,1051.544,0.068,41660
48,245,Jefferson,TX,-94.067627,30.01146,256526,876.762,235.89,13140
48,249,Jim Wells,TX,-98.062817,27.755632,38891,865.176,3.368,10860
48,251,Johnson,TX,-97.322751,32.441328,179927,724.782,9.354,19100
48,253,Jones,TX,-99.80506,32.706551,19663,928.605,8.532,10180
48,257,Kaufman,TX,-96.358092,32.671244,145310,780.785,26.835,19100
48,259,Kendall,TX,-98.717572,29.831401,44279,662.454,0.578,41700
48,265,Kerr,TX,-99.159357,30.040273,52598,1103.332,3.951,28500
48,273,Kleberg,TX,-97.856967,27.491433,31040,881.306,208.897,28780
48,277,Lamar,TX,-95.534041,33.675491,50088,907.331,25.772,37580
48,281,Lampasas,TX,-98.1132,31.095229,21627,712.528,1.062,28660
48,291,Liberty,TX,-94.925523,30.159245,91628,1158.353,18.0,26420
48,303,Lubbock,TX,-101.894337,33.552551,310639,895.602,5.101,31180
48,305,Lynn,TX,-101.817174,33.199122,5596,891.867,1.61,31180
48,309,McLennan,TX,-97.174773,31.53998,260579,1036.655,23.588,47380
48,317,Martin,TX,-101.8275,32.173602,5237,914.956,0.746,33260
48,321,Matagorda,TX,-95.998903,28.918149,36255,1092.918,519.594,13060
48,323,Maverick,TX,-100.478172,28.706412,57887,1279.473,12.306,20580
48,325,Medina,TX,-98.953359,29.313933,50748,1325.36,9.174,41700
48,329,Midland,TX,-102.10655,32.003156,169983,900.358,1.642,33260
48,339,Montgomery,TX,-95.462136,30.228848,620443,1042.181,34.703,26420
48,341,Moore,TX,-101.956502,35.902872,21358,899.698,9.923,20300
48,343,Morris,TX,-94.72288,33.073156,11973,251.989,6.711,34420
48,347,Nacogdoches,TX,-94.644584,31.625667,64653,946.324,34.645,34860
48,349,Navarro,TX,-96.485996,32.081317,52624,1009.702,76.3,18620
48,353,Nolan,TX,-100.411741,32.451081,14738,911.997,1.951,45020
48,355,Nueces,TX,-97.428318,27.728576,353178,839.065,326.379,18580
48,359,Oldham,TX,-102.40757,35.291939,1758,1500.523,0.903,11100
48,361,Orange,TX,-93.865826,30.120218,84808,333.786,45.744,13140
48,363,Palo Pinto,TX,-98.163963,32.779308,28409,952.549,32.959,33420
48,367,Parker,TX,-97.727364,32.789424,148222,903.72,6.375,19100
48,375,Potter,TX,-101.839818,35.221526,118525,908.39,13.587,11100
48,381,Randall,TX,-101.891409,35.119788,140753,912.711,9.731,11100
48,387,Red River,TX,-95.078313,33.591924,11587,1043.896,12.84,37580
48,389,Reeves,TX,-103.526322,31.387128,14748,2635.354,6.717,45880
48,393,Roberts,TX,-100.695549,35.716278,827,924.058,0.134,37420
48,395,Robertson,TX,-96.543247,30.966033,16757,855.155,10.553,17780
48,397,Rockwall,TX,-96.427986,32.916866,107819,127.206,21.727,19100
48,401,Rusk,TX,-94.798485,32.194387,52214,924.199,14.37,30980
48,407,San Jacinto,TX,-95.13469,30.549124,27402,569.243,58.668,26420
48,409,San Patricio,TX,-97.39104,27.942669,68755,693.436,14.509,18580
48,415,Scurry,TX,-100.909103,32.704112,16932,905.445,2.099,43660
48,423,Smith,TX,-95.300981,32.326145,233479,921.473,28.249,46340
48,427,Starr,TX,-98.843415,26.387766,65920,1223.179,5.925,40100
48,439,Tarrant,TX,-97.247663,32.764453,2110640,865.285,38.526,19100
48,441,Taylor,TX,-99.767126,32.417775,143208,915.536,3.768,10180
48,449,Titus,TX,-94.966537,33.175862,31247,406.064,19.58,34420
48,451,Tom Green,TX,-100.461171,31.451021,120003,1522.001,18.563,41660
48,453,Travis,TX,-97.748216,30.314282,1290188,994.053,30.974,12420
48,459,Upshur,TX,-94.92227,32.697929,40892,582.98,9.605,30980
48,463,Uvalde,TX,-99.757846,29.243318,24564,1551.921,6.713,46620
48,465,Val Verde,TX,-100.898072,29.380944,47586,3144.75,87.92,19620
48,469,Victoria,TX,-96.991571,28.825017,91319,882.106,6.728,47020
48,471,Walker,TX,-95.538696,30.725832,76400,784.222,17.276,26660
48,473,Waller,TX,-95.953615,29.996824,56794,513.296,4.567,26420
48,477,Washington,TX,-96.397834,30.181502,35805,604.194,17.557,14780
48,479,Webb,TX,-99.475549,27.522979,267114,3361.478,14.114,29700
48,481,Wharton,TX,-96.175435,29.276712,41570,1086.142,8.228,20900
48,485,Wichita,TX,-98.552501,33.920901,129350,627.594,5.268,48660
48,487,Wilbarger,TX,-99.296953,34.144872,12887,970.946,7.028,46900
48,489,Willacy,TX,-97.777449,26.452376,20164,590.602,194.165,39700
48,491,Williamson,TX,-97.716991,30.560987,609017,1115.833,16.051,12420
48,493,Wilson,TX,-98.142982,29.231356,49753,803.734,4.676,41700
48,497,Wise,TX,-97.629879,33.161791,68632,904.394,18.162,19100
48,505,Zapata,TX,-99.266007,26.903441,13889,998.412,59.603,49820
49,3,Box Elder,UT,-112.09841,41.592632,57666,5745.597,983.654,14940
49,5,Cache,UT,-111.839724,41.745425,133154,1164.726,8.146,30860
49,7,Carbon,UT,-110.777569,39.602446,20412,1479.184,6.118,39220
49,11,Davis,UT,-111.960883,41.019939,362679,299.067,336.146,36260
49,21,Iron,UT,-113.076161,37.708874,57289,3296.337,4.398,16260
49,23,Juab,UT,-111.878638,39.748396,11786,3391.679,14.109,39340
49,29,Morgan,UT,-111.724978,41.083677,12295,609.169,1.713,36260
49,33,Rich,UT,-111.285765,41.776494,2510,1028.847,57.57,21740
49,35,Salt Lake,UT,-111.927686,40.638514,1185238,742.07,63.667,41620
49,43,Summit,UT,-111.470958,40.726848,42357,1870.579,10.277,25720
49,45,Tooele,UT,-112.363002,40.568237,72698,6941.946,344.045,41620
49,47,Uintah,UT,-109.59027,40.426449,35620,4482.383,21.666,46860
49,49,Utah,UT,-111.74994,40.278299,659399,2004.08,140.143,39340
49,51,Wasatch,UT,-111.412185,40.511436,34788,1177.014,30.552,25720
49,53,Washington,UT,-113.524041,37.13018,180279,2427.439,3.005,41100
49,57,Weber,UT,-111.992699,41.227609,262223,576.272,83.569,36260
50,3,Bennington,VT,-73.148622,42.980347,37347,674.807,2.661,13540
50,7,Chittenden,VT,-73.149824,44.480291,168323,537.283,82.714,15540
50,11,Franklin,VT,-72.997625,44.836315,49946,630.676,57.971,15540
50,13,Grand Isle,VT,-73.298725,44.796249,7293,81.769,112.844,15540
50,17,Orange,VT,-72.392814,43.996141,29277,687.191,4.643,30150
50,21,Rutland,VT,-73.041302,43.602602,60572,929.723,14.96,40860
50,23,Washington,VT,-72.587175,44.243309,59807,686.578,8.174,12740
50,25,Windham,VT,-72.627862,42.952898,45905,785.466,12.71,14710
50,27,Windsor,VT,-72.490571,43.547294,57753,969.784,7.473,30150
51,3,Albemarle,VA,-78.519241,38.052435,112395,720.472,5.492,16820
51,7,Amelia,VA,-77.973985,37.34151,13265,355.36,3.161,40060
51,9,Amherst,VA,-79.1035,37.518911,31307,473.962,4.98,31340
51,11,Appomattox,VA,-78.83702,37.36019,16119,334.224,1.238,31340
51,13,Arlington,VA,-77.099874,38.874744,238643,25.997,0.106,47900
51,15,Augusta,VA,-79.03105,38.127146,77487,967.074,3.682,44420
51,19,Bedford,VA,-79.485385,37.320204,79462,760.104,16.241,31340
51,23,Botetourt,VA,-79.853138,37.446422,33596,541.276,4.682,40220
51,31,Campbell,VA,-79.169047,37.261518,55696,503.207,3.434,31340
51,36,Charles City,VA,-77.101446,37.383394,6773,182.901,21.342,40060
51,41,Chesterfield,VA,-77.556155,37.418312,364548,423.506,13.501,40060
51,43,Clarke,VA,-77.987382,39.129417,14783,175.933,2.197,47900
51,45,Craig,VA,-80.173756,37.47542,4892,328.098,1.078,40220
51,47,Culpeper,VA,-77.999051,38.498243,52552,379.187,3.477,47900
51,53,Dinwiddie,VA,-77.56051,37.135652,27947,503.886,3.47,40060
51,59,Fairfax,VA,-77.25911,38.844726,1150309,391.021,15.472,47900
51,61,Fauquier,VA,-77.774094,38.695515,72972,647.994,3.732,47900
51,63,Floyd,VA,-80.342366,36.943205,15476,380.923,0.846,13980
51,65,Fluvanna,VA,-78.301835,37.888642,27249,287.117,4.149,16820
51,67,Franklin,VA,-79.857581,37.02094,54477,690.61,21.006,40220
51,69,Frederick,VA,-78.188362,39.166263,91419,413.135,2.263,49020
51,71,Giles,VA,-80.717789,37.318524,16787,357.224,4.337,13980
51,73,Gloucester,VA,-76.529483,37.37631,38711,217.81,70.173,47260
51,75,Goochland,VA,-77.83757,37.70005,24727,282.029,8.469,40060
51,79,Greene,VA,-78.419667,38.250643,20552,155.947,0.649,16820
51,85,Hanover,VA,-77.418063,37.686944,109979,467.626,4.905,40060
51,87,Henrico,VA,-77.498572,37.604639,334389,233.675,11.153,40060
51,89,Henry,VA,-79.902329,36.6901,50948,382.351,2.035,32300
51,93,Isle of Wight,VA,-76.644703,36.92455,38606,315.685,47.143,47260
51,95,James City,VA,-76.75988,37.297936,78254,142.298,36.772,47260
51,97,King and Queen,VA,-76.891199,37.69798,6608,315.149,11.17,40060
51,101,King William,VA,-77.062634,37.705655,17810,273.91,12.004,40060
51,107,Loudoun,VA,-77.51754,39.034341,420959,515.738,5.596,47900
51,115,Mathews,VA,-76.342339,37.445239,8533,85.911,166.052,47260
51,121,Montgomery,VA,-80.413551,37.189478,99721,386.847,2.426,13980
51,125,Nelson,VA,-78.87302,37.812328,14775,470.745,3.469,16820
51,127,New Kent,VA,-77.041127,37.497961,22945,210.035,13.744,40060
51,137,Orange,VA,-77.954737,38.271901,36254,341.078,2.505,29470
51,143,Pittsylvania,VA,-79.411183,36.76981,60501,969.003,9.229,19260
51,145,Powhatan,VA,-77.875784,37.54288,30333,260.202,2.102,40060
51,149,Prince George,VA,-77.300134,37.219071,43010,265.342,16.504,40060
51,153,Prince William,VA,-77.411563,38.691881,482204,335.256,11.906,47900
51,155,Pulaski,VA,-80.703764,37.082088,33800,319.839,9.605,13980
51,157,Rappahannock,VA,-78.123809,38.695715,7348,266.372,0.827,47900
51,161,Roanoke,VA,-79.990218,37.270592,96929,250.548,0.681,40220
51,165,Rockingham,VA,-78.83815,38.452246,83757,849.789,4.111,25500
51,169,Scott,VA,-82.596616,36.683147,21576,535.827,3.129,28700
51,177,Spotsylvania,VA,-77.569152,38.238583,140032,401.412,12.903,47900
51,179,Stafford,VA,-77.45027,38.415146,156927,269.205,10.845,47900
51,181,Surry,VA,-76.868309,37.116405,6561,278.949,31.358,47260
51,183,Sussex,VA,-77.212078,36.973226,10829,490.226,2.603,40060
51,185,Tazewell,VA,-81.564501,37.146681,40429,518.791,1.128,14140
51,187,Warren,VA,-78.178302,38.927717,40727,214.597,3.312,47900
51,191,Washington,VA,-81.972673,36.702853,53935,561.193,5.013,28700
51,199,York,VA,-76.495318,37.174598,70045,104.707,110.285,47260
51,510,Alexandria,VA,-77.091035,38.819775,159467,14.935,0.413,47900
51,520,Bristol,VA,-82.169169,36.610521,17219,12.871,0.124,28700
51,540,Charlottesville,VA,-78.490351,38.033197,46553,10.245,0.018,16820
51,550,Chesapeake,VA,-76.282736,36.755679,249422,338.456,12.49,47260
51,570,Colonial Heights,VA,-77.401819,37.264114,18170,7.519,0.274,40060
51,590,Danville,VA,-79.409217,36.591483,42590,42.797,0.904,19260
51,600,Fairfax,VA,-77.302407,38.851844,24146,6.24,0.032,47900
51,610,Falls Church,VA,-77.174338,38.883587,14658,2.046,0.0,47900
51,630,Fredericksburg,VA,-77.483494,38.299101,27982,10.45,0.069,47900
51,650,Hampton,VA,-76.367924,37.043069,137148,51.461,84.814,47260
51,660,Harrisonburg,VA,-78.868276,38.4408,51814,17.339,0.051,25500
51,670,Hopewell,VA,-77.305511,37.289394,23033,10.354,0.474,40060
51,680,Lynchburg,VA,-79.190579,37.39283,79009,48.976,0.549,31340
51,683,Manassas,VA,-77.475101,38.75274,42772,9.843,0.056,47900
51,685,Manassas Park,VA,-77.448688,38.772165,17219,3.034,0.001,47900
51,690,Martinsville,VA,-79.863773,36.682806,13485,10.956,0.052,32300
51,700,Newport News,VA,-76.496261,37.090511,186247,68.989,50.632,47260
51,710,Norfolk,VA,-76.260623,36.896214,238005,53.275,43.128,47260
51,730,Petersburg,VA,-77.395423,37.209954,33458,22.72,0.223,40060
51,735,Poquoson,VA,-76.381528,37.131572,12460,15.357,63.101,47260
51,740,Portsmouth,VA,-76.35284,36.833211,97915,33.301,13.382,47260
51,750,Radford,VA,-80.559565,37.128256,16070,9.676,0.331,13980
51,760,Richmond,VA,-77.466456,37.535453,226610,59.925,2.644,40060
51,770,Roanoke,VA,-79.96024,37.27853,100011,42.521,0.33,40220
51,775,Salem,VA,-80.056262,37.286907,25346,14.515,0.106,40220
51,790,Staunton,VA,-79.07724,38.157632,25750,19.92,0.057,44420
51,800,Suffolk,VA,-76.551079,36.781867,94324,399.16,29.747,47260
51,810,Virginia Beach,VA,-76.100566,36.821388,459470,244.723,252.776,47260
51,820,Waynesboro,VA,-78.898326,38.072102,22196,14.97,0.141,44420
51,830,Williamsburg,VA,-76.710426,37.275238,15425,8.938,0.161,47260
51,840,Winchester,VA,-78.170677,39.174971,28120,9.193,0.021,49020
53,1,Adams,WA,-119.031492,46.864934,20613,1924.989,4.813,36830
53,3,Asotin,WA,-117.06785,46.388404,22285,636.075,4.36,30300
53,5,Benton,WA,-119.276673,46.229857,206873,1700.128,59.573,28420
53,7,Chelan,WA,-120.344656,47.530181,79074,2921.178,73.226,48300
53,9,Clallam,WA,-123.436581,48.094969,77155,1738.741,930.276,38820
53,11,Clark,WA,-122.56244,45.680599,503311,628.494,27.105,38900
53,15,Cowlitz,WA,-122.894833,46.135463,110730,1141.159,25.272,31020
53,17,Douglas,WA,-120.178914,47.504279,42938,1819.244,29.559,48300
53,21,Franklin,WA,-119.125303,46.303471,96749,1241.596,23.363,28420
53,25,Grant,WA,-119.466088,47.14473,99123,2679.55,111.897,34180
53,27,Grays Harbor,WA,-123.767517,46.991256,75636,1901.474,322.129,10140
53,29,Island,WA,-122.576951,48.2063,86857,208.474,308.851,36020
53,31,Jefferson,WA,-122.820477,48.010517,32977,1803.728,384.169,39040
53,33,King,WA,-122.230405,47.550488,2269675,2115.229,192.224,42660
53,35,Kitsap,WA,-122.63287,47.612218,275611,395.102,170.729,14740
53,37,Kittitas,WA,-120.630456,47.051833,44337,2297.28,35.709,21260
53,41,Lewis,WA,-122.839231,46.61892,82149,2402.782,33.564,16500
53,45,Mason,WA,-123.034441,47.288559,65726,959.548,91.495,43220
53,53,Pierce,WA,-122.407463,47.177735,921130,1667.963,137.498,42660
53,57,Skagit,WA,-122.33534,48.4668,129523,1730.246,186.789,34580
53,59,Skamania,WA,-121.93421,45.688621,12036,1658.284,28.295,38900
53,61,Snohomish,WA,-122.188806,47.927544,827957,2086.525,109.226,42660
53,63,Spokane,WA,-117.368939,47.680212,539339,1764.22,16.764,44060
53,65,Stevens,WA,-117.812987,48.277695,46445,2477.098,62.914,44060
53,67,Thurston,WA,-122.836576,47.00087,294793,722.496,51.594,36500
53,71,Walla Walla,WA,-118.391181,46.077907,62584,1270.033,28.932,47460
53,73,Whatcom,WA,-122.487638,48.82321,226847,2107.918,396.956,13380
53,75,Whitman,WA,-117.21808,46.793601,47973,2159.262,18.628,39420
53,77,Yakima,WA,-120.42159,46.519342,256728,4294.512,15.903,49420
54,3,Berkeley,WV,-77.98117,39.458843,122076,321.147,0.41,25180
54,5,Boone,WV,-81.757507,38.05644,21809,501.534,1.663,16620
54,9,Brooke,WV,-80.585926,40.309452,22559,89.196,3.372,48260
54,11,Cabell,WV,-82.335182,38.413593,94350,281.023,6.994,26580
54,15,Clay,WV,-81.09932,38.471941,8051,341.939,1.877,16620
54,17,Doddridge,WV,-80.721305,39.285261,7808,319.723,0.753,17220
54,19,Fayette,WV,-81.129034,38.032534,40488,661.613,6.735,13220
54,27,Hampshire,WV,-78.610531,39.329412,23093,640.402,4.21,49020
54,29,Hancock,WV,-80.568865,40.477168,29095,82.609,5.359,48260
54,33,Harrison,WV,-80.338827,39.287852,65921,416.008,0.509,17220
54,37,Jefferson,WV,-77.847631,39.313836,57701,209.296,2.375,47900
54,39,Kanawha,WV,-81.658246,38.363316,180745,901.648,9.272,16620
54,49,Marion,WV,-80.178811,39.484338,56205,308.753,2.765,21900
54,51,Marshall,WV,-80.704828,39.928298,30591,305.431,6.723,48540
54,55,Mercer,WV,-81.138228,37.352588,59664,418.962,1.715,14140
54,57,Mineral,WV,-78.909653,39.46477,26938,327.882,1.338,19060
54,61,Monongalia,WV,-79.956836,39.636527,105822,360.092,5.788,34060
54,65,Morgan,WV,-78.223029,39.580983,17063,229.073,0.541,25180
54,69,Ohio,WV,-80.672291,40.078539,42425,105.83,3.195,48540
54,77,Preston,WV,-79.669791,39.50551,34216,648.814,2.575,34060
54,79,Putnam,WV,-81.929372,38.474402,57440,345.679,4.72,26580
54,81,Raleigh,WV,-81.200033,37.77054,74591,605.359,3.988,13220
54,83,Randolph,WV,-79.872452,38.870878,27932,1039.7,0.258,21180
54,91,Taylor,WV,-80.066874,39.33862,16705,172.771,2.908,17220
54,99,Wayne,WV,-82.494193,38.267338,38982,506.005,6.107,26580
54,105,Wirt,WV,-81.394474,39.05422,5194,232.511,2.255,37620
54,107,Wood,WV,-81.530587,39.266981,84296,366.5,10.267,37620
55,5,Barron,WI,-91.815142,45.437002,46711,863.047,26.716,39960
55,9,Brown,WI,-88.034145,44.497155,268740,530.092,85.642,24580
55,15,Calumet,WI,-88.262936,44.152617,52442,318.25,78.827,11540
55,17,Chippewa,WI,-91.328087,44.984928,66297,1008.355,32.909,20740
55,21,Columbia,WI,-89.366154,43.460151,58490,765.547,30.438,31540
55,25,Dane,WI,-89.395501,43.07564,561504,1196.492,41.011,31540
55,27,Dodge,WI,-88.713062,43.435904,89396,875.699,31.402,13180
55,31,Douglas,WI,-92.01483,46.628582,44295,1304.271,175.404,20260
55,33,Dunn,WI,-91.892915,44.914658,45440,850.159,13.735,32860
55,35,Eau Claire,WI,-91.454792,44.790208,105710,637.922,7.277,20740
55,37,Florence,WI,-88.244316,45.853651,4558,488.123,9.31,27020
55,39,Fond du Lac,WI,-88.487004,43.765547,104154,719.566,46.276,22540
55,43,Grant,WI,-90.612643,42.827213,51938,1146.879,36.495,38420
55,45,Green,WI,-89.575106,42.673838,37093,584.044,0.507,31540
55,49,Iowa,WI,-90.12223,42.981998,23709,762.698,5.355,31540
55,55,Jefferson,WI,-88.785594,43.040342,84900,556.492,26.249,48020
55,59,Kenosha,WI,-87.924047,42.572393,169151,271.837,482.188,28450
55,61,Kewaunee,WI,-87.591703,44.527818,20563,342.454,741.832,24580
55,63,La Crosse,WI,-91.208863,43.861018,120784,451.804,28.247,29100
55,71,Manitowoc,WI,-87.724344,44.10361,81359,589.306,904.77,31820
55,73,Marathon,WI,-89.707823,44.907455,138013,1545.195,31.14,48140
55,75,Marinette,WI,-87.848007,45.219097,41872,1399.466,150.532,31940
55,78,Menominee,WI,-88.635691,44.912634,4255,357.615,7.345,43020
55,79,Milwaukee,WI,-87.959526,43.031416,939489,241.482,948.031,33340
55,81,Monroe,WI,-90.644211,43.942578,46274,900.904,7.176,43890
55,83,Oconto,WI,-88.146318,44.895367,38965,997.481,151.367,24580
55,87,Outagamie,WI,-88.401368,44.308666,190705,637.557,7.051,11540
55,89,Ozaukee,WI,-87.950093,43.31881,91503,233.018,883.176,33340
55,93,Pierce,WI,-92.547747,44.77335,42212,574.018,18.708,33460
55,97,Portage,WI,-89.526076,44.498026,70377,800.874,21.944,44620
55,101,Racine,WI,-87.928046,42.735037,197727,332.642,459.501,39540
55,105,Rock,WI,-89.037935,42.65481,163687,718.167,7.991,27500
55,109,St. Croix,WI,-92.580626,45.017968,93536,722.158,13.027,33460
55,111,Sauk,WI,-89.868041,43.449264,65763,831.543,17.642,12660
55,115,Shawano,WI,-88.681002,44.786908,40881,893.225,16.171,43020
55,117,Sheboygan,WI,-87.819076,43.733622,118034,511.528,759.713,43100
55,123,Vernon,WI,-90.835696,43.605271,30714,791.562,24.822,29100
55,127,Walworth,WI,-88.540338,42.662934,106478,555.388,21.208,48580
55,131,Washington,WI,-88.216407,43.345574,136761,430.644,5.019,33340
55,133,Waukesha,WI,-88.236186,43.03596,406978,549.72,30.818,33340
55,139,Winnebago,WI,-88.540906,44.101514,171730,434.697,143.874,36780
55,141,Wood,WI,-89.962546,44.478457,74207,793.038,16.214,49220
56,1,Albany,WY,-105.596073,41.313442,37066,4274.327,34.425,29660
56,5,Campbell,WY,-105.495519,44.257046,47026,4802.065,4.251,23940
56,13,Fremont,WY,-108.609469,43.010698,39234,9183.59,82.15,40180
56,21,Laramie,WY,-104.771336,41.153937,100512,2685.864,1.679,16940
56,25,Natrona,WY,-106.335315,42.842184,79955,5340.538,35.123,16220
56,29,Park,WY,-108.97254,44.614008,29624,6939.039,26.115,17650
56,33,Sheridan,WY,-106.977846,44.780986,30921,2523.361,3.084,43260
56,37,Sweetwater,WY,-109.302521,41.580564,42272,10426.98,64.182,40540
56,39,Teton,WY,-110.785815,43.491744,23331,3996.849,220.41,27220
56,41,Uinta,WY,-110.760395,41.271502,20450,2081.721,6.419,21740
1,11,Bullock,AL,-85.702354,32.115838,10357,622.815,2.328,
1,13,Butler,AL,-86.6524,31.776019,19051,776.839,1.043,
1,19,Cherokee,AL,-85.629887,34.180501,24971,553.524,46.452,
1,23,Choctaw,AL,-88.262482,32.016121,12665,913.479,7.38,
1,25,Clarke,AL,-87.815868,31.683493,23087,1238.42,14.154,
1,27,Clay,AL,-85.817245,33.274342,14236,603.962,2.039,
1,29,Cleburne,AL,-85.495748,33.625217,15056,560.105,0.908,
1,35,Conecuh,AL,-86.997537,31.41643,11597,850.279,2.481,
1,39,Covington,AL,-86.409203,31.284146,37570,1030.571,13.203,
1,41,Crenshaw,AL,-86.296787,31.747324,13194,608.865,2.081,
1,53,Escambia,AL,-87.280078,31.085439,36757,945.408,7.732,
1,57,Fayette,AL,-87.76749,33.726912,16321,627.684,1.672,
1,75,Lamar,AL,-88.108771,33.761275,13972,604.846,0.618,
1,91,Marengo,AL,-87.803475,32.342372,19323,976.898,5.773,
1,93,Marion,AL,-87.876476,34.110448,29341,742.343,1.228,
1,99,Monroe,AL,-87.364576,31.4988,19772,1025.669,8.73,
1,105,Perry,AL,-87.369738,32.584881,8511,719.67,4.209,
1,111,Randolph,AL,-85.427378,33.264692,21967,580.55,3.584,
1,119,Sumter,AL,-88.230925,32.571003,12345,903.826,9.512,
1,129,Washington,AL,-88.195263,31.413666,15388,1080.203,8.363,
1,131,Wilcox,AL,-87.376912,32.007448,10600,887.858,19.534,
1,133,Winston,AL,-87.415624,34.164369,23540,612.998,18.87,
2,13,Aleutians East,AK,-163.763729,54.672887,3420,6985.234,8030.868,
2,16,Aleutians West,AK,-168.148047,54.024627,5232,4393.026,9723.457,
2,50,Bethel,AK,-162.178288,60.667568,18666,40627.14,4928.469,
2,60,Bristol Bay,AK,-156.833611,58.733456,844,481.977,366.71,
2,63,Chugach,AK,-146.199156,60.881369,7102,9529.839,5613.512,
2,66,Copper River,AK,-145.032939,62.060769,2617,24692.136,470.052,
2,68,Denali,AK,-149.027498,63.86431,1619,12641.049,25.524,
2,70,Dillingham,AK,-158.75132,59.128804,4857,18333.994,2294.945,
2,100,Haines,AK,-135.497336,59.234185,2080,2343.393,402.015,
2,105,Hoonah-Angoon,AK,-135.423534,58.123876,2365,6555.258,3013.484,
2,122,Kenai Peninsula,AK,-151.068103,60.283998,58799,16017.419,8703.2,
2,150,Kodiak Island,AK,-152.454785,57.774607,13101,6688.86,5462.907,
2,158,Kusilvak,AK,-164.34049,62.076819,8368,17077.063,2581.551,
2,164,Lake and Peninsula,AK,-156.27339,58.617154,1476,23831.834,10034.678,
2,180,Nome,AK,-165.269108,64.431631,10046,22969.463,5320.781,
2,185,North Slope,AK,-155.295377,70.480816,11031,88823.627,6004.296,
2,188,Northwest Arctic,AK,-161.582978,66.897051,7793,35663.282,4956.497,
2,195,Petersburg,AK,-132.943575,56.79507,3398,2900.654,921.183,
2,198,Prince of Wales-Hyder,AK,-132.668824,55.59077,5753,5267.725,5641.788,
2,220,Sitka,AK,-135.335988,57.062777,8458,2870.058,1945.085,
2,230,Skagway,AK,-135.310551,59.465893,1240,433.933,11.114,
2,240,Southeast Fairbanks,AK,-144.698751,63.861551,6808,24831.059,289.508,
2,275,Wrangell,AK,-132.355422,56.426145,2127,2555.995,920.612,
2,282,Yakutat,AK,-139.714907,59.545059,662,7623.28,1539.051,
2,290,Yukon-Koyukuk,AK,-152.827744,64.966051,5343,145575.546,2295.291,
4,1,Apache,AZ,-109.419015,35.543654,66021,11198.309,20.908,
4,11,Greenlee,AZ,-109.259546,32.985155,9563,1842.143,5.307,
4,12,La Paz,AZ,-114.183775,33.954185,16557,4496.565,14.113,
5,1,Arkansas,AR,-91.460834,34.403488,17149,992.141,46.602,
5,3,Ashley,AR,-91.877908,33.17959,19062,925.492,14.925,
5,11,Bradley,AR,-92.101277,33.574422,10545,649.167,3.67,
5,15,Carroll,AR,-93.574712,36.375744,28260,629.938,8.767,
5,17,Chicot,AR,-91.318357,33.325951,10208,636.978,54.214,
5,21,Clay,AR,-90.366417,36.370287,14552,639.224,2.123,
5,23,Cleburne,AR,-92.037753,35.507218,24711,553.959,38.18,
5,29,Conway,AR,-92.705923,35.21299,20715,551.917,14.578,
5,37,Cross,AR,-90.777424,35.251667,16833,616.318,5.942,
5,39,Dallas,AR,-92.525216,33.864882,6482,667.323,0.668,
5,41,Desha,AR,-91.415165,33.768029,11395,741.214,71.499,
5,43,Drew,AR,-91.784085,33.627329,17350,828.662,7.255,
5,47,Franklin,AR,-93.891039,35.442155,17097,608.963,11.166,
5,49,Fulton,AR,-91.766807,36.375654,12075,618.036,2.459,
5,57,Hempstead,AR,-93.620782,33.698177,20065,727.2,13.798,
5,61,Howard,AR,-93.908938,33.981466,12785,587.326,8.248,
5,65,Izard,AR,-91.911716,36.1215,13577,580.177,3.698,
5,67,Jackson,AR,-91.246504,35.623062,16755,633.611,7.832,
5,71,Johnson,AR,-93.473125,35.476548,25749,660.996,22.984,
5,73,Lafayette,AR,-93.557713,33.278875,6308,529.472,16.613,
5,75,Lawrence,AR,-91.064441,36.070844,16216,587.528,4.786,
5,77,Lee,AR,-90.769631,34.787429,8600,599.807,22.339,
5,79,Lincoln,AR,-91.745899,33.973433,12941,559.462,10.306,
5,83,Logan,AR,-93.768311,35.227664,21131,709.116,20.838,
5,89,Marion,AR,-92.660219,36.284395,16826,596.653,43.611,
5,95,Monroe,AR,-91.221516,34.777063,6799,607.469,13.787,
5,97,Montgomery,AR,-93.622447,34.514568,8484,780.453,20.455,
5,99,Nevada,AR,-93.359433,33.725543,8310,617.79,2.892,
5,107,Phillips,AR,-90.703802,34.530919,16568,690.36,37.053,
5,109,Pike,AR,-93.626194,34.186355,10171,600.335,13.624,
5,113,Polk,AR,-94.25793,34.522847,19221,856.838,4.834,
5,117,Prairie,AR,-91.540516,34.863817,8282,647.52,28.046,
5,121,Randolph,AR,-90.989599,36.302137,18571,651.913,4.004,
5,127,Scott,AR,-94.097007,34.904224,9836,892.85,5.55,
5,129,Searcy,AR,-92.660663,35.923072,7828,665.834,2.495,
5,133,Sevier,AR,-94.30378,34.015316,15839,563.574,17.73,
5,135,Sharp,AR,-91.51953,36.178093,17271,604.624,2.011,
5,137,Stone,AR,-92.133812,35.855715,12359,606.44,3.145,
5,141,Van Buren,AR,-92.42013,35.568095,15796,709.563,14.366,
5,147,Woodruff,AR,-91.251021,35.233161,6269,585.965,8.131,
6,5,Amador,CA,-120.778038,38.395906,40474,594.584,11.366,
6,9,Calaveras,CA,-120.645222,38.157342,45292,1020.019,16.907,
6,11,Colusa,CA,-122.083801,39.153446,21839,1150.713,5.641,
6,21,Glenn,CA,-122.179287,39.665777,28917,1313.968,13.009,
6,43,Mariposa,CA,-119.971401,37.532076,17131,1448.84,13.985,
6,49,Modoc,CA,-120.631201,41.521665,8700,3948.234,255.022,
6,51,Mono,CA,-118.970627,37.773016,13195,3048.904,82.894,
6,63,Plumas,CA,-120.821957,39.981152,19790,2553.062,60.382,
6,91,Sierra,CA,-120.421856,39.607184,3236,953.168,8.996,
6,93,Siskiyou,CA,-122.493725,41.572743,44076,6278.768,69.17,
6,105,Trinity,CA,-123.096608,40.629982,16112,3179.268,28.343,
8,7,Archuleta,CO,-107.089808,37.240274,13359,1350.088,5.305,
8,9,Baca,CO,-102.53204,37.368105,3506,2554.993,2.372,
8,11,Bent,CO,-103.166006,38.072919,5650,1512.847,28.24,
8,15,Chaffee,CO,-106.085131,38.676811,19476,1013.408,1.544,
8,17,Cheyenne,CO,-102.470052,38.817655,1748,1778.276,3.153,
8,25,Crowley,CO,-103.856387,38.193783,5922,787.428,12.905,
8,27,Custer,CO,-105.382527,38.133198,4704,738.626,1.299,
8,29,Delta,CO,-107.913769,38.798198,31196,1142.125,6.481,
8,33,Dolores,CO,-108.758724,37.746934,2326,1067.17,1.049,
8,49,Grand,CO,-105.978501,40.051143,15717,1846.439,23.13,
8,51,Gunnison,CO,-106.944384,38.660002,16918,3239.14,20.491,
8,53,Hinsdale,CO,-107.29875,38.002552,788,1117.231,5.917,
8,55,Huerfano,CO,-104.887584,37.612538,6820,1591.033,2.236,
8,57,Jackson,CO,-106.295485,40.690192,1379,1613.726,7.239,
8,61,Kiowa,CO,-102.700966,38.470085,1446,1767.809,18.16,
8,63,Kit Carson,CO,-102.462031,39.310418,7087,2160.822,0.869,
8,71,Las Animas,CO,-104.501324,37.192053,14555,4772.938,2.676,
8,73,Lincoln,CO,-103.614219,39.180049,5675,2577.679,8.796,
8,79,Mineral,CO,-106.942063,37.779142,865,875.76,2.016,
8,83,Montezuma,CO,-108.554458,37.371913,25849,2029.349,10.505,
8,89,Otero,CO,-103.655776,38.023236,18690,1261.946,7.758,
8,91,Ouray,CO,-107.751894,38.146044,4874,540.671,1.539,
8,95,Phillips,CO,-102.385877,40.599356,4530,687.928,0.117,
8,99,Prowers,CO,-102.548624,38.083029,11999,1638.408,5.914,
8,103,Rio Blanco,CO,-108.268744,40.05108,6529,3220.971,1.88,
8,105,Rio Grande,CO,-106.242067,37.61185,11539,911.956,0.38,
8,109,Saguache,CO,-106.006105,37.925349,6368,3168.566,1.72,
8,111,San Juan,CO,-107.673598,37.801877,705,387.516,0.786,
8,113,San Miguel,CO,-107.958108,37.971818,8072,1286.725,2.011,
8,115,Sedgwick,CO,-102.325673,40.962161,2404,548.041,1.363,
8,121,Washington,CO,-103.157119,40.098312,4817,2518.084,5.872,
8,125,Yuma,CO,-102.480825,40.065848,9988,2364.398,4.299,
9,1,Fairfield,CT,-73.367214,41.206021,957419,624.97,212.079,
9,3,Hartford,CT,-72.717868,41.761165,899498,734.933,15.683,
9,5,Litchfield,CT,-73.190432,41.726958,185186,920.515,24.074,
9,7,Middlesex,CT,-72.571631,41.479018,164245,369.304,69.761,
9,9,New Haven,CT,-72.942327,41.396593,864835,604.305,257.763,
9,11,New London,CT,-72.097543,41.443271,268555,665.065,106.897,
9,13,Tolland,CT,-72.372969,41.842288,149788,410.352,6.776,
9,15,Windham,CT,-71.993508,41.80508,116418,512.928,8.293,
12,7,Bradford,FL,-82.128265,29.949896,28303,293.964,6.527,
12,13,Calhoun,FL,-85.125841,30.464333,13648,567.336,6.977,
12,29,Dixie,FL,-83.058664,29.634593,16759,705.034,338.36,
12,37,Franklin,FL,-84.813247,29.785968,12451,544.983,876.622,
12,45,Gulf,FL,-85.259724,29.955584,14192,553.453,241.096,
12,47,Hamilton,FL,-82.999025,30.501436,14004,514.295,4.761,
12,49,Hardee,FL,-81.816969,27.548142,25327,637.569,0.569,
12,59,Holmes,FL,-85.754664,30.847037,19653,478.857,10.191,
12,63,Jackson,FL,-85.218988,30.797248,47319,918.186,36.377,
12,67,Lafayette,FL,-83.176369,30.063591,8226,543.345,4.563,
12,77,Liberty,FL,-84.907135,30.399108,7974,835.563,7.561,
12,79,Madison,FL,-83.425943,30.472359,17968,696.529,19.164,
12,121,Suwannee,FL,-82.985113,30.213664,43474,688.586,3.67,
12,123,Taylor,FL,-83.590349,30.056859,21796,1043.335,468.565,
12,125,Union,FL,-82.35769,30.011442,16147,243.555,6.197,
13,1,Appling,GA,-82.338755,31.770708,18444,508.274,3.987,
13,5,Bacon,GA,-82.46609,31.547,11140,284.082,1.74,
13,7,Baker,GA,-84.433608,31.31096,2876,341.957,7.181,
13,11,Banks,GA,-83.507471,34.349158,18035,232.616,1.79,
13,19,Berrien,GA,-83.251763,31.233472,18160,453.376,4.506,
13,23,Bleckley,GA,-83.332183,32.401506,12583,215.872,3.259,
13,37,Calhoun,GA,-84.662951,31.526143,5573,280.384,3.194,
13,43,Candler,GA,-82.060428,32.399154,10981,243.059,5.799,
13,49,Charlton,GA,-82.024244,30.786554,12518,780.087,2.302,
13,61,Clay,GA,-85.014589,31.634951,2848,195.404,21.833,
13,65,Clinch,GA,-82.744401,31.021262,6749,814.996,8.997,
13,75,Cook,GA,-83.423804,31.148353,17229,228.451,4.752,
13,91,Dodge,GA,-83.173704,32.212397,19925,495.963,7.154,
13,93,Dooly,GA,-83.78074,32.170176,11208,392.631,4.688,
13,99,Early,GA,-84.919905,31.335623,10854,512.6,3.746,
13,105,Elbert,GA,-82.880506,34.128394,19637,351.103,23.113,
13,107,Emanuel,GA,-82.306411,32.586625,22768,680.574,9.61,
13,111,Fannin,GA,-84.312915,34.902937,25319,387.105,5.202,
13,119,Franklin,GA,-83.186359,34.378121,23424,261.35,4.916,
13,123,Gilmer,GA,-84.486082,34.675112,31353,426.213,4.743,
13,125,Glascock,GA,-82.60966,33.236629,2884,143.746,0.708,
13,133,Greene,GA,-83.179388,33.535248,18915,387.517,18.694,
13,141,Hancock,GA,-83.01325,33.254841,8735,471.067,6.749,
13,147,Hart,GA,-82.964995,34.355547,25828,232.422,24.526,
13,155,Irwin,GA,-83.27986,31.604345,9666,354.363,8.4,
13,161,Jeff Davis,GA,-82.600257,31.847814,14779,330.919,4.479,
13,163,Jefferson,GA,-82.408116,33.06898,15709,526.555,3.112,
13,165,Jenkins,GA,-81.947165,32.789871,8674,347.326,5.148,
13,171,Lamar,GA,-84.154394,33.084155,18500,183.501,2.334,
13,193,Macon,GA,-84.039478,32.324124,12082,400.662,5.344,
13,201,Miller,GA,-84.738302,31.160435,6000,282.423,1.24,
13,205,Mitchell,GA,-84.171176,31.218188,21755,512.158,1.666,
13,235,Pulaski,GA,-83.478958,32.273393,9855,249.261,1.949,
13,237,Putnam,GA,-83.335457,33.319719,22047,344.682,16.005,
13,241,Rabun,GA,-83.407047,34.879707,16883,370.134,6.893,
13,243,Randolph,GA,-84.758082,31.758591,6425,428.236,2.637,
13,251,Screven,GA,-81.629825,32.722235,14067,645.778,10.091,
13,253,Seminole,GA,-84.866698,30.967903,9147,237.543,19.013,
13,265,Taliaferro,GA,-82.886099,33.568965,1559,194.607,0.74,
13,267,Tattnall,GA,-82.058473,32.036453,22842,480.84,7.509,
13,269,Taylor,GA,-84.209743,32.559079,7816,376.686,3.012,
13,271,Telfair,GA,-82.894969,32.019316,12477,437.307,6.701,
13,281,Towns,GA,-83.782885,34.940026,12493,166.477,5.312,
13,283,Treutlen,GA,-82.589236,32.387282,6406,199.431,3.016,
13,291,Union,GA,-84.004818,34.87746,24632,322.085,6.982,
13,301,Warren,GA,-82.661562,33.406673,5215,284.358,2.33,
13,303,Washington,GA,-82.775581,32.964333,19988,678.526,5.83,
13,307,Webster,GA,-84.561824,32.05245,2348,209.657,0.903,
13,309,Wheeler,GA,-82.756158,32.147523,7471,295.49,4.779,
13,311,White,GA,-83.743731,34.599638,28003,240.744,1.512,
13,315,Wilcox,GA,-83.409194,31.975538,8766,377.811,4.304,
13,317,Wilkes,GA,-82.752748,33.757224,9565,469.501,4.593,
13,319,Wilkinson,GA,-83.239243,32.843967,8877,449.214,2.735,
16,3,Adams,ID,-116.383254,44.843883,4379,1362.805,6.703,
16,7,Bear Lake,ID,-111.34121,42.307481,6372,975.728,73.886,
16,9,Benewah,ID,-116.644633,47.273057,9530,776.931,7.26,
16,21,Boundary,ID,-116.302645,48.710599,12056,1268.679,9.374,
16,29,Caribou,ID,-111.652123,42.646162,7027,1764.194,34.447,
16,33,Clark,ID,-112.262134,44.194725,790,1763.145,0.956,
16,35,Clearwater,ID,-116.190755,46.489093,8734,2457.314,30.731,
16,37,Custer,ID,-114.096283,44.280306,4275,4922.177,16.42,
16,47,Gooding,ID,-114.750399,42.853491,15598,729.322,4.815,
16,49,Idaho,ID,-116.105519,45.972026,16541,8477.499,26.075,
16,59,Lemhi,ID,-113.86099,45.130443,7974,4563.695,5.446,
16,61,Lewis,ID,-116.264039,46.237559,3533,478.822,0.904,
16,77,Power,ID,-112.827325,42.774583,7878,1403.826,38.303,
16,79,Shoshone,ID,-116.091781,47.514916,13169,2637.425,5.391,
16,85,Valley,ID,-116.074739,44.766234,11746,3665.119,68.383,
16,87,Washington,ID,-116.92098,44.29827,10500,1452.852,20.551,
17,9,Brown,IL,-90.747509,39.966021,6244,305.727,1.6,
17,15,Carroll,IL,-89.969163,42.067256,15702,445.406,21.576,
17,17,Cass,IL,-90.320947,39.98041,13042,375.754,7.942,
17,23,Clark,IL,-87.796198,39.351511,15455,501.375,3.387,
17,25,Clay,IL,-88.49181,38.715726,13288,468.351,1.183,
17,33,Crawford,IL,-87.750005,39.004797,18679,443.643,2.218,
17,39,De Witt,IL,-88.911355,40.170876,15516,397.561,7.526,
17,41,Douglas,IL,-88.280371,39.766979,19740,416.647,0.559,
17,45,Edgar,IL,-87.713766,39.636396,16866,623.324,0.604,
17,47,Edwards,IL,-88.041233,38.401606,6245,222.4,0.302,
17,51,Fayette,IL,-89.033955,38.995881,21488,716.445,8.848,
17,55,Franklin,IL,-88.953694,37.963987,37804,408.924,22.547,
17,59,Gallatin,IL,-88.239193,37.772903,4946,322.941,5.157,
17,61,Greene,IL,-90.371192,39.368918,11985,543.039,3.252,
17,65,Hamilton,IL,-88.558979,38.091614,7993,434.647,1.225,
17,67,Hancock,IL,-91.202357,40.425023,17620,793.748,20.681,
17,69,Hardin,IL,-88.295955,37.478271,3649,177.389,4.049,
17,75,Iroquois,IL,-87.838453,40.762253,27077,1117.395,1.638,
17,79,Jasper,IL,-88.162638,39.003923,9287,494.614,3.604,
17,85,Jo Daviess,IL,-90.308466,42.411305,22035,600.924,17.68,
17,87,Johnson,IL,-88.876484,37.470122,13308,343.735,4.949,
17,101,Lawrence,IL,-87.745966,38.718154,15280,372.179,1.96,
17,125,Mason,IL,-89.899393,40.286175,13086,539.352,24.227,
17,135,Montgomery,IL,-89.507428,39.198374,28288,703.764,5.969,
17,139,Moultrie,IL,-88.612657,39.631716,14526,335.958,8.537,
17,145,Perry,IL,-89.3224,38.057689,20945,441.928,5.096,
17,149,Pike,IL,-90.861323,39.621897,14739,831.352,17.472,
17,151,Pope,IL,-88.555783,37.400771,3763,368.867,5.661,
17,153,Pulaski,IL,-89.130564,37.198544,5193,199.268,3.772,
17,157,Randolph,IL,-89.809741,38.061445,30163,575.367,21.68,
17,159,Richland,IL,-88.08785,38.725443,15813,360.034,1.882,
17,165,Saline,IL,-88.538134,37.753419,23768,379.99,6.942,
17,169,Schuyler,IL,-90.568789,40.130099,6902,437.3,4.058,
17,173,Shelby,IL,-88.800594,39.399379,20990,758.51,9.555,
17,181,Union,IL,-89.234288,37.469028,17244,413.411,8.703,
17,185,Wabash,IL,-87.788862,38.431889,11361,223.323,4.237,
17,187,Warren,IL,-90.636753,40.890671,16835,542.384,0.646,
17,189,Washington,IL,-89.395405,38.360726,13761,562.587,1.318,
17,191,Wayne,IL,-88.421765,38.408213,16179,713.83,1.631,
17,193,White,IL,-88.196465,38.088921,13877,494.983,6.886,
18,9,Blackford,IN,-85.345621,40.468109,12112,165.082,0.501,
18,25,Crawford,IN,-86.422116,38.315739,10526,305.613,3.166,
18,45,Fountain,IN,-87.274375,40.14941,16479,395.668,2.212,
18,49,Fulton,IN,-86.217151,41.059339,20480,368.393,2.872,
18,51,Gibson,IN,-87.549447,38.305848,33011,487.383,11.932,
18,55,Greene,IN,-86.994152,39.052523,30803,542.467,3.444,
18,75,Jay,IN,-85.028696,40.430767,20478,383.905,0.177,
18,79,Jennings,IN,-85.649705,39.005508,27613,376.597,1.748,
18,87,LaGrange,IN,-85.467264,41.632874,40446,379.63,7.073,
18,101,Martin,IN,-86.850513,38.679659,9812,335.761,4.646,
18,117,Orange,IN,-86.495955,38.562253,19867,398.379,9.813,
18,121,Parke,IN,-87.225163,39.757908,16156,444.721,5.272,
18,123,Perry,IN,-86.705505,38.008616,19170,381.74,4.57,
18,125,Pike,IN,-87.233088,38.427019,12250,334.303,6.791,
18,131,Pulaski,IN,-86.684796,41.051366,12514,433.675,0.859,
18,135,Randolph,IN,-84.996903,40.169491,24502,452.379,0.934,
18,137,Ripley,IN,-85.219308,39.160663,28995,446.423,1.638,
18,139,Rush,IN,-85.475672,39.62209,16752,408.137,0.324,
18,143,Scott,IN,-85.764092,38.697942,24384,190.403,2.346,
18,147,Spencer,IN,-87.009078,38.019216,19810,396.882,4.627,
18,149,Starke,IN,-86.632742,41.281734,23371,309.144,3.061,
18,155,Switzerland,IN,-85.023673,38.816976,9737,220.668,2.908,
18,161,Union,IN,-84.919464,39.618364,7087,161.19,3.987,
19,1,Adair,IA,-94.478337,41.347726,7496,569.271,1.003,
19,3,Adams,IA,-94.708824,41.007205,3704,423.433,2.073,
19,5,Allamakee,IA,-91.42476,43.252971,14061,639.044,19.728,
19,7,Appanoose,IA,-92.864741,40.741265,12317,497.289,18.955,
19,9,Audubon,IA,-94.925428,41.675888,5674,442.961,0.445,
19,19,Buchanan,IA,-91.901131,42.48513,20565,571.079,2.017,
19,23,Butler,IA,-92.758281,42.701602,14334,580.138,1.62,
19,25,Calhoun,IA,-94.623179,42.39777,9927,569.846,2.268,
19,29,Cass,IA,-94.977692,41.366511,13127,564.258,0.69,
19,31,Cedar,IA,-91.140408,41.756011,18505,579.462,2.466,
19,35,Cherokee,IA,-95.591928,42.751225,11658,576.907,0.163,
19,37,Chickasaw,IA,-92.342847,43.038731,12012,504.324,1.334,
19,39,Clarke,IA,-93.783479,41.034767,9748,431.111,0.589,
19,43,Clayton,IA,-91.321147,42.860684,17043,778.496,14.168,
19,47,Crawford,IA,-95.357436,42.026692,16525,714.198,0.839,
19,51,Davis,IA,-92.418316,40.762546,9110,502.188,2.666,
19,53,Decatur,IA,-93.817156,40.7123,7645,531.883,1.598,
19,55,Delaware,IA,-91.383936,42.48163,17488,577.684,1.23,
19,63,Emmet,IA,-94.75827,43.395995,9388,395.89,6.632,
19,65,Fayette,IA,-91.855739,42.821543,19509,730.817,0.523,
19,67,Floyd,IA,-92.751434,43.075228,15627,500.571,0.781,
19,69,Franklin,IA,-93.239282,42.754609,10019,581.969,0.555,
19,71,Fremont,IA,-95.616798,40.753741,6605,511.168,5.471,
19,73,Greene,IA,-94.379863,42.029106,8771,569.56,1.7,
19,79,Hamilton,IA,-93.767427,42.406603,15039,576.729,0.755,
19,81,Hancock,IA,-93.702667,43.092315,10795,571.005,2.033,
19,83,Hardin,IA,-93.217038,42.436346,16878,569.307,0.689,
19,87,Henry,IA,-91.536884,40.977985,20482,434.288,2.23,
19,89,Howard,IA,-92.229351,43.361965,9469,473.247,0.36,
19,91,Humboldt,IA,-94.216619,42.746569,9597,434.372,1.302,
19,93,Ida,IA,-95.505465,42.393275,7005,431.513,0.537,
19,95,Iowa,IA,-92.039155,41.701018,16662,586.455,1.037,
19,97,Jackson,IA,-90.567662,42.141479,19485,636.043,13.563,
19,101,Jefferson,IA,-91.965861,41.012603,15663,435.524,1.36,
19,107,Keokuk,IA,-92.175248,41.324433,10033,579.175,0.751,
19,109,Kossuth,IA,-94.221432,43.143301,14828,972.731,1.593,
19,115,Louisa,IA,-91.262686,41.225335,10837,401.772,15.747,
19,117,Lucas,IA,-93.312466,41.022123,8634,430.681,3.804,
19,119,Lyon,IA,-96.227291,43.385476,11934,587.609,0.17,
19,131,Mitchell,IA,-92.806056,43.334549,10565,469.256,0.432,
19,133,Monona,IA,-95.988925,42.062617,8751,694.072,4.861,
19,135,Monroe,IA,-92.825189,41.03376,7577,433.717,0.588,
19,137,Montgomery,IA,-95.169693,41.009252,10330,424.097,0.931,
19,141,O'Brien,IA,-95.69531,43.129233,14182,573.035,0.173,
19,143,Osceola,IA,-95.680981,43.387203,6192,398.687,0.709,
19,145,Page,IA,-95.18734,40.746972,15211,534.944,0.525,
19,147,Palo Alto,IA,-94.688525,43.101085,8996,563.864,5.571,
19,151,Pocahontas,IA,-94.706993,42.744041,7078,577.241,1.416,
19,157,Poweshiek,IA,-92.624939,41.712451,18662,584.924,1.144,
19,159,Ringgold,IA,-94.237097,40.737978,4663,535.498,3.368,
19,161,Sac,IA,-95.089609,42.37525,9814,575.022,3.309,
19,165,Shelby,IA,-95.32328,41.662625,11746,590.779,0.574,
19,167,Sioux,IA,-96.167993,43.080798,35872,767.914,1.079,
19,171,Tama,IA,-92.544134,42.062414,17135,721.011,1.069,
19,173,Taylor,IA,-94.679839,40.753586,5896,531.902,2.754,
19,175,Union,IA,-94.318334,41.054759,12138,423.645,2.153,
19,177,Van Buren,IA,-91.942474,40.744224,7203,484.792,5.745,
19,185,Wayne,IA,-93.304108,40.733313,6497,525.469,1.65,
19,189,Winnebago,IA,-93.663913,43.341507,10679,400.489,1.229,
19,191,Winneshiek,IA,-91.813207,43.281109,20070,689.836,0.288,
19,197,Wright,IA,-93.756305,42.732976,12943,580.415,1.816,
20,1,Allen,KS,-95.369306,37.896944,12526,500.297,5.028,
20,3,Anderson,KS,-95.263224,38.251802,7836,579.641,4.093,
20,7,Barber,KS,-98.557723,37.211912,4228,1134.075,2.089,
20,11,Bourbon,KS,-94.749672,37.845974,14360,635.461,3.63,
20,13,Brown,KS,-95.551801,39.805025,9508,570.871,1.234,
20,19,Chautauqua,KS,-96.228059,37.115752,3379,638.881,5.886,
20,23,Cheyenne,KS,-101.738091,39.769323,2616,1019.89,1.057,
20,25,Clark,KS,-99.886429,37.295814,1991,974.638,2.55,
20,27,Clay,KS,-97.122448,39.354338,8117,645.298,10.309,
20,29,Cloud,KS,-97.635801,39.53486,9032,715.342,2.649,
20,31,Coffey,KS,-95.741609,38.249077,8360,626.885,27.209,
20,33,Comanche,KS,-99.373213,37.233664,1689,788.298,1.392,
20,39,Decatur,KS,-100.484373,39.804239,2764,893.517,0.63,
20,41,Dickinson,KS,-97.152074,38.886002,18402,847.068,4.877,
20,47,Edwards,KS,-99.352782,37.913198,2907,621.894,0.08,
20,49,Elk,KS,-96.239085,37.423675,2483,644.264,6.201,
20,53,Ellsworth,KS,-98.268058,38.725437,6376,715.575,7.71,
20,63,Gove,KS,-100.377754,39.047079,2718,1071.666,0.095,
20,65,Graham,KS,-99.855627,39.358244,2415,898.527,0.231,
20,67,Grant,KS,-101.351338,37.580299,7352,574.808,0.336,
20,69,Gray,KS,-100.412286,37.724149,5653,868.867,0.43,
20,71,Greeley,KS,-101.758084,38.483553,1284,778.404,0.0,
20,73,Greenwood,KS,-96.224613,37.861919,6016,1143.304,9.322,
20,75,Hamilton,KS,-101.760582,37.98058,2518,996.514,1.117,
20,77,Harper,KS,-98.049879,37.215327,5485,801.274,1.506,
20,81,Haskell,KS,-100.890211,37.495004,3780,577.521,0.352,
20,83,Hodgeman,KS,-99.860131,38.085859,1723,859.992,0.319,
20,89,Jewell,KS,-98.198892,39.777617,2932,909.971,4.389,
20,93,Kearny,KS,-101.24168,37.951539,3983,870.543,0.438,
20,95,Kingman,KS,-98.098011,37.610273,7470,863.419,3.24,
20,97,Kiowa,KS,-99.252339,37.595999,2460,722.64,0.23,
20,99,Labette,KS,-95.262384,37.259841,20184,645.393,7.724,
20,101,Lane,KS,-100.483419,38.504038,1574,717.409,0.213,
20,105,Lincoln,KS,-98.186201,39.035019,2939,719.396,1.061,
20,109,Logan,KS,-100.926327,39.095504,2762,1072.993,0.106,
20,115,Marion,KS,-97.127529,38.324754,11823,944.299,9.434,
20,117,Marshall,KS,-96.573926,39.800328,10038,900.175,4.917,
20,119,Meade,KS,-100.396872,37.292243,4055,978.083,1.258,
20,123,Mitchell,KS,-98.175033,39.45426,5796,701.792,17.367,
20,125,Montgomery,KS,-95.693873,37.143443,31486,643.594,7.888,
20,127,Morris,KS,-96.58085,38.694354,5386,695.343,7.546,
20,129,Morton,KS,-101.840026,37.043232,2701,729.731,0.196,
20,131,Nemaha,KS,-95.96626,39.829395,10273,717.427,2.01,
20,133,Neosho,KS,-95.396134,37.623786,15904,571.481,6.313,
20,135,Ness,KS,-99.897744,38.488254,2687,1074.739,0.258,
20,137,Norton,KS,-99.876765,39.82351,5459,878.044,3.252,
20,141,Osborne,KS,-98.705316,39.425897,3500,892.516,1.856,
20,145,Pawnee,KS,-99.146958,38.179763,6253,754.263,0.383,
20,147,Phillips,KS,-99.348621,39.759487,4981,885.871,8.685,
20,151,Pratt,KS,-98.730599,37.6448,9157,735.039,0.684,
20,153,Rawlins,KS,-101.050348,39.807173,2561,1069.416,0.16,
20,157,Republic,KS,-97.659071,39.817924,4674,717.377,3.07,
20,159,Rice,KS,-98.199874,38.320405,9427,726.234,1.731,
20,163,Rooks,KS,-99.314061,39.321747,4919,890.527,4.619,
20,165,Rush,KS,-99.281206,38.527826,2956,717.763,0.21,
20,167,Russell,KS,-98.830652,38.904218,6691,886.26,13.176,
20,171,Scott,KS,-100.913143,38.481574,5151,717.585,0.118,
20,179,Sheridan,KS,-100.463405,39.368138,2447,895.957,0.25,
20,181,Sherman,KS,-101.726045,39.350878,5927,1056.064,0.212,
20,183,Smith,KS,-98.805608,39.770601,3570,895.464,1.5,
20,185,Stafford,KS,-98.733831,38.005058,4072,792.046,2.871,
20,187,Stanton,KS,-101.757372,37.565287,2084,680.352,0.069,
20,189,Stevens,KS,-101.322543,37.187133,5250,727.26,0.18,
20,193,Thomas,KS,-101.050191,39.384656,7930,1074.686,0.111,
20,195,Trego,KS,-99.881416,39.003748,2808,889.474,10.148,
20,199,Wallace,KS,-101.761616,38.885844,1512,913.652,0.054,
20,201,Washington,KS,-97.048861,39.779332,5530,894.76,3.915,
20,203,Wichita,KS,-101.349645,38.494575,2152,718.566,0.024,
20,205,Wilson,KS,-95.739717,37.511463,8624,570.422,4.652,
20,207,Woodson,KS,-95.735035,37.876071,3115,497.819,7.434,
21,1,Adair,KY,-85.27965,37.107461,18903,405.288,7.106,
21,25,Breathitt,KY,-83.377385,37.518699,13718,492.416,2.851,
21,27,Breckinridge,KY,-86.408122,37.769799,20432,569.809,15.786,
21,33,Caldwell,KY,-87.878812,37.125484,12649,344.79,3.358,
21,41,Carroll,KY,-85.140741,38.669245,10810,128.678,8.588,
21,45,Casey,KY,-84.925995,37.301616,15941,444.239,1.502,
21,53,Clinton,KY,-85.13447,36.715915,9253,197.25,8.167,
21,55,Crittenden,KY,-88.095012,37.33223,8990,359.963,11.332,
21,57,Cumberland,KY,-85.389733,36.782421,5888,305.196,5.712,
21,63,Elliott,KY,-83.108689,38.122978,7354,234.319,1.005,
21,69,Fleming,KY,-83.709683,38.388852,15082,348.545,2.773,
21,75,Fulton,KY,-89.037115,36.538105,6515,205.928,24.746,
21,79,Garrard,KY,-84.575237,37.650333,16953,230.109,3.834,
21,85,Grayson,KY,-86.30457,37.471252,26420,499.928,11.099,
21,91,Hancock,KY,-86.805118,37.868547,9095,187.673,11.25,
21,95,Harlan,KY,-83.2338,36.866097,26831,465.831,2.321,
21,97,Harrison,KY,-84.314294,38.414072,18692,306.412,3.468,
21,99,Hart,KY,-85.88777,37.280435,19288,412.564,5.284,
21,105,Hickman,KY,-88.956556,36.664413,4521,242.274,10.765,
21,109,Jackson,KY,-83.992381,37.400575,12955,345.195,1.316,
21,115,Johnson,KY,-82.817074,37.830575,22680,261.965,2.171,
21,119,Knott,KY,-82.942351,37.328988,14251,351.518,1.333,
21,129,Lee,KY,-83.702693,37.590698,7395,208.859,2.4,
21,131,Leslie,KY,-83.376004,37.115702,10513,400.854,3.548,
21,133,Letcher,KY,-82.807202,37.146816,21548,337.93,1.103,
21,135,Lewis,KY,-83.350474,38.564104,13080,482.84,12.315,
21,141,Logan,KY,-86.862831,36.859958,27432,552.213,4.818,
21,143,Lyon,KY,-88.079475,37.065485,8680,213.842,42.69,
21,147,McCreary,KY,-84.447417,36.713019,16888,426.804,4.143,
21,153,Magoffin,KY,-83.057067,37.733397,11637,308.444,0.713,
21,155,Marion,KY,-85.28442,37.570127,19581,343.046,3.811,
21,157,Marshall,KY,-88.34,36.897003,31659,302.207,37.964,
21,159,Martin,KY,-82.516965,37.835468,11287,229.618,0.988,
21,161,Mason,KY,-83.789096,38.616511,17120,240.126,6.284,
21,167,Mercer,KY,-84.84891,37.785035,22641,249.064,4.244,
21,171,Monroe,KY,-85.723364,36.707799,11338,329.43,2.626,
21,175,Morgan,KY,-83.268972,37.914473,13726,381.127,2.66,
21,177,Muhlenberg,KY,-87.146244,37.238076,30928,467.358,12.042,
21,181,Nicholas,KY,-84.022987,38.324558,7537,195.162,1.661,
21,183,Ohio,KY,-86.864757,37.464465,23772,587.286,8.942,
21,187,Owen,KY,-84.831041,38.530989,11278,351.108,3.139,
21,189,Owsley,KY,-83.68482,37.45244,4051,197.41,0.88,
21,193,Perry,KY,-83.200329,37.258818,28473,339.702,2.907,
21,197,Powell,KY,-83.880539,37.850736,13129,178.981,1.14,
21,201,Robertson,KY,-84.051005,38.520923,2193,99.921,0.187,
21,205,Rowan,KY,-83.444323,38.194754,24662,279.84,6.426,
21,207,Russell,KY,-85.058512,37.030799,17991,253.692,29.183,
21,219,Todd,KY,-87.173233,36.812095,12243,374.503,2.553,
21,223,Trimble,KY,-85.33207,38.61932,8474,151.648,4.33,
21,225,Union,KY,-87.929907,37.652277,13668,342.787,20.426,
21,229,Washington,KY,-85.192752,37.738166,12027,296.972,4.227,
21,231,Wayne,KY,-84.845965,36.838184,19555,458.184,25.978,
21,237,Wolfe,KY,-83.509721,37.739826,6562,222.171,0.581,
22,3,Allen,LA,-92.779523,30.669442,22750,762.084,4.038,
22,9,Avoyelles,LA,-92.067528,31.057263,39693,831.942,33.692,
22,13,Bienville,LA,-93.079008,32.384335,12981,811.344,10.8,
22,21,Caldwell,LA,-92.104629,32.073032,9645,529.77,11.237,
22,25,Catahoula,LA,-91.820047,31.694978,8906,708.025,31.412,
22,27,Claiborne,LA,-93.033201,32.826371,14170,754.794,12.538,
22,35,East Carroll,LA,-91.184557,32.761788,7459,420.887,21.781,
22,39,Evangeline,LA,-92.361575,30.690294,32350,662.431,17.244,
22,41,Franklin,LA,-91.695666,32.147658,19774,624.298,10.83,
22,49,Jackson,LA,-92.643112,32.283184,15031,569.378,11.061,
22,59,LaSalle,LA,-92.16954,31.726006,14791,624.854,37.705,
22,65,Madison,LA,-91.197847,32.397655,10017,624.175,26.433,
22,81,Red River,LA,-93.305191,32.054844,7620,388.98,13.228,
22,85,Sabine,LA,-93.564477,31.578134,22155,866.625,144.909,
22,107,Tensas,LA,-91.298951,31.960595,4147,603.013,38.391,
22,115,Vernon,LA,-93.24714,31.09456,48750,1326.719,13.568,
22,123,West Carroll,LA,-91.427421,32.827035,9751,359.686,0.921,
22,127,Winn,LA,-92.67791,31.930579,13755,950.004,6.737,
23,3,Aroostook,ME,-68.088411,46.701279,67105,6671.087,156.321,
23,7,Franklin,ME,-70.225872,44.707406,29456,1697.004,46.83,
23,9,Hancock,ME,-68.468176,44.471045,55478,1587.128,757.802,
23,13,Knox,ME,-69.161632,44.132937,40607,365.136,778.808,
23,15,Lincoln,ME,-69.553445,44.034295,35237,455.867,243.746,
23,17,Oxford,ME,-70.614092,44.279251,57777,2076.957,98.798,
23,21,Piscataquis,ME,-69.256031,45.242664,16800,3960.947,417.09,
23,25,Somerset,ME,-69.685098,44.820189,50477,3924.27,169.091,
23,27,Waldo,ME,-69.086158,44.490051,39607,729.971,122.786,
23,29,Washington,ME,-67.46595,44.861852,31095,2562.73,694.936,
24,11,Caroline,MD,-75.830203,38.873476,33293,319.442,6.478,
24,23,Garrett,MD,-79.305826,39.51324,28806,649.077,8.687,
24,29,Kent,MD,-76.05767,39.244676,19198,277.027,136.418,
26,1,Alcona,MI,-83.46556,44.668106,10167,674.655,1115.992,
26,3,Alger,MI,-86.711752,46.384467,8842,915.034,4132.651,
26,9,Antrim,MI,-85.198554,44.978317,23431,475.679,126.077,
26,11,Arenac,MI,-83.884489,44.044452,15002,363.178,317.497,
26,13,Baraga,MI,-88.450012,46.766517,8158,898.427,170.51,
26,29,Charlevoix,MI,-85.11101,45.244536,26054,416.33,974.109,
26,31,Cheboygan,MI,-84.52108,45.511041,25579,715.279,170.119,
26,35,Clare,MI,-84.825685,43.944384,30856,564.367,11.003,
26,39,Crawford,MI,-84.668957,44.657052,12988,556.403,6.918,
26,51,Gladwin,MI,-84.439806,43.968003,25386,501.786,14.161,
26,53,Gogebic,MI,-89.992958,46.446365,14380,1102.136,374.578,
26,63,Huron,MI,-83.063027,43.832366,31407,836.016,1300.787,
26,69,Iosco,MI,-83.532361,44.357042,25237,549.104,1340.959,
26,71,Iron,MI,-88.53764,46.099565,11631,1165.997,45.097,
26,85,Lake,MI,-85.799431,43.95721,12096,567.591,6.753,
26,95,Luce,MI,-85.56135,46.335663,5339,899.075,1013.407,
26,97,Mackinac,MI,-84.881331,45.997314,10834,1021.879,1078.675,
26,101,Manistee,MI,-86.185294,44.306321,25032,542.325,738.397,
26,119,Montmorency,MI,-84.12591,44.997449,9153,546.675,15.966,
26,123,Newaygo,MI,-85.811272,43.466224,49978,838.887,22.812,
26,127,Oceana,MI,-86.305778,43.632662,26659,538.105,767.845,
26,129,Ogemaw,MI,-84.127345,44.286618,20770,563.503,11.445,
26,131,Ontonagon,MI,-89.288199,46.718929,5816,1310.978,2429.463,
26,133,Osceola,MI,-85.357843,43.965434,22891,566.286,6.728,
26,135,Oscoda,MI,-84.14837,44.701471,8219,565.674,5.844,
26,137,Otsego,MI,-84.666769,45.006949,25091,515.006,11.216,
26,141,Presque Isle,MI,-83.868249,45.356976,12982,658.717,1914.035,
26,143,Roscommon,MI,-84.650133,44.364342,23459,519.897,60.125,
26,151,Sanilac,MI,-82.782963,43.365189,40611,962.571,627.369,
26,153,Schoolcraft,MI,-86.226826,46.006087,8047,1171.876,712.054,
26,157,Tuscola,MI,-83.433939,43.429916,53323,804.851,109.06,
26,159,Van Buren,MI,-86.001338,42.260186,75587,607.793,482.11,
27,1,Aitkin,MN,-93.52998,46.570797,15697,1821.773,173.503,
27,11,Big Stone,MN,-96.446286,45.395362,5166,499.165,28.941,
27,23,Chippewa,MN,-95.618298,44.961846,12598,581.23,6.656,
27,29,Clearwater,MN,-95.388788,47.559971,8524,998.826,30.968,
27,31,Cook,MN,-90.339448,47.790102,5600,1452.567,1887.238,
27,33,Cottonwood,MN,-95.120928,43.938574,11517,639.973,8.591,
27,43,Faribault,MN,-93.954993,43.682751,13921,712.479,9.425,
27,51,Grant,MN,-95.931474,45.948536,6074,547.8,27.686,
27,57,Hubbard,MN,-94.933356,47.058441,21344,926.007,73.485,
27,63,Jackson,MN,-95.109576,43.66536,9989,702.972,16.263,
27,65,Kanabec,MN,-93.297994,45.885216,16032,521.61,12.067,
27,69,Kittson,MN,-96.77663,48.729252,4207,1099.0,4.795,
27,71,Koochiching,MN,-93.489801,48.510977,12062,3104.607,51.249,
27,73,Lac qui Parle,MN,-96.130868,44.982404,6719,765.021,12.992,
27,75,Lake,MN,-91.560751,47.186485,10905,2109.105,881.824,
27,77,Lake of the Woods,MN,-94.744612,48.769541,3763,1297.842,481.986,
27,81,Lincoln,MN,-96.252306,44.373948,5640,536.784,11.648,
27,87,Mahnomen,MN,-95.837513,47.300158,5411,557.867,25.039,
27,89,Marshall,MN,-96.530084,48.306927,9040,1775.063,37.843,
27,93,Meeker,MN,-94.481246,45.136287,23400,607.969,36.649,
27,97,Morrison,MN,-94.329081,45.984633,34010,1125.094,28.292,
27,101,Murray,MN,-95.740801,43.982392,8179,704.667,14.839,
27,107,Norman,MN,-96.484363,47.308519,6441,872.789,3.941,
27,113,Pennington,MN,-96.147968,48.102851,13992,616.579,1.671,
27,115,Pine,MN,-92.894181,46.030418,28876,1411.337,23.271,
27,117,Pipestone,MN,-96.268335,43.980739,9424,465.053,0.906,
27,121,Pope,MN,-95.439435,45.630228,11308,669.536,47.575,
27,125,Red Lake,MN,-96.132058,47.875652,3935,432.407,0.088,
27,127,Redwood,MN,-95.189914,44.440045,15425,878.573,3.174,
27,129,Renville,MN,-94.942285,44.721227,14723,982.905,4.19,
27,135,Roseau,MN,-95.646717,48.82443,15331,1671.718,6.53,
27,143,Sibley,MN,-94.165538,44.58252,14836,588.834,11.714,
27,149,Stevens,MN,-95.921798,45.577955,9671,563.58,11.707,
27,151,Swift,MN,-95.637582,45.272889,9838,741.986,10.13,
27,153,Todd,MN,-94.889142,46.065805,25262,945.098,34.416,
27,155,Traverse,MN,-96.547312,45.751962,3360,573.872,11.979,
27,159,Wadena,MN,-95.044753,46.52738,14065,536.347,6.954,
27,161,Waseca,MN,-93.551329,44.062525,18968,423.363,9.612,
27,165,Watonwan,MN,-94.58359,43.992768,11253,434.947,4.783,
27,173,Yellow Medicine,MN,-95.830115,44.737396,9528,759.101,4.127,
28,5,Amite,MS,-90.807611,31.187109,12720,730.1,1.497,
28,7,Attala,MS,-89.589172,33.065276,17889,734.957,1.709,
28,13,Calhoun,MS,-89.309537,33.930069,13266,586.573,1.386,
28,17,Chickasaw,MS,-88.93891,33.93085,17106,501.782,2.464,
28,19,Choctaw,MS,-89.234179,33.339222,8246,418.197,1.659,
28,21,Claiborne,MS,-90.950731,31.931505,9135,487.415,13.788,
28,25,Clay,MS,-88.693,33.624883,18636,410.072,5.937,
28,31,Covington,MS,-89.546964,31.634654,18340,413.819,1.112,
28,37,Franklin,MS,-90.866734,31.471678,7675,563.964,2.8,
28,39,George,MS,-88.590917,30.868417,24350,478.696,4.957,
28,41,Greene,MS,-88.629422,31.195402,13530,712.738,5.958,
28,53,Humphreys,MS,-90.518897,33.164116,7785,418.514,12.719,
28,55,Issaquena,MS,-91.018573,32.889296,1338,412.98,28.442,
28,65,Jefferson Davis,MS,-89.816038,31.575445,11321,408.446,0.692,
28,69,Kemper,MS,-88.672958,32.763776,8988,766.182,0.843,
28,77,Lawrence,MS,-90.110558,31.553787,12016,430.602,5.092,
28,79,Leake,MS,-89.510973,32.733654,21275,582.897,2.462,
28,91,Marion,MS,-89.830527,31.245825,24441,542.385,6.236,
28,95,Monroe,MS,-88.499061,33.926461,34180,765.092,7.004,
28,99,Neshoba,MS,-89.120008,32.755039,29087,570.134,1.479,
28,101,Newton,MS,-89.129364,32.415269,21291,577.77,1.747,
28,107,Panola,MS,-89.934868,34.345346,33208,685.175,19.956,
28,115,Pontotoc,MS,-89.015136,34.253564,31184,497.813,3.208,
28,119,Quitman,MS,-90.26323,34.267733,6176,405.012,1.419,
28,125,Sharkey,MS,-90.862626,32.921684,3800,431.72,3.4,
28,129,Smith,MS,-89.504515,31.970107,14209,636.268,1.004,
28,133,Sunflower,MS,-90.584134,33.593307,25971,697.759,9.169,
28,135,Tallahatchie,MS,-90.182077,33.984159,12715,645.223,6.919,
28,139,Tippah,MS,-88.924324,34.765765,21815,457.822,2.132,
28,141,Tishomingo,MS,-88.228294,34.730586,18850,424.297,20.222,
28,145,Union,MS,-89.010519,34.483103,27777,415.607,1.301,
28,153,Wayne,MS,-88.662531,31.650518,19779,810.716,2.801,
28,157,Wilkinson,MS,-91.245215,31.123212,8587,678.106,9.66,
28,159,Winston,MS,-89.042025,33.084971,17714,607.251,2.835,
29,5,Atchison,MO,-95.436109,40.420914,5305,547.285,2.841,
29,9,Barry,MO,-93.865725,36.737459,34534,778.122,12.708,
29,11,Barton,MO,-94.305362,37.495949,11637,592.03,4.692,
29,15,Benton,MO,-93.310017,38.301006,19394,704.033,48.497,
29,29,Camden,MO,-92.746042,38.073064,42745,656.036,52.628,
29,33,Carroll,MO,-93.496539,39.408302,8495,694.622,6.77,
29,35,Carter,MO,-90.885719,36.947475,5202,507.359,1.662,
29,39,Cedar,MO,-93.895266,37.765491,14188,474.47,24.185,
29,41,Chariton,MO,-92.931479,39.486142,7408,751.178,15.58,
29,45,Clark,MO,-91.708614,40.412112,6634,504.606,7.219,
29,55,Crawford,MO,-91.321648,38.061879,23056,742.477,1.277,
29,57,Dade,MO,-93.824927,37.415382,7569,490.01,16.244,
29,61,Daviess,MO,-93.980672,39.938229,8430,563.282,5.763,
29,65,Dent,MO,-91.545105,37.631372,14421,752.761,1.745,
29,67,Douglas,MO,-92.603414,36.940662,11578,813.623,0.973,
29,73,Gasconade,MO,-91.490137,38.446364,14794,519.005,6.953,
29,75,Gentry,MO,-94.432825,40.203737,6162,491.422,0.294,
29,79,Grundy,MO,-93.59577,40.093264,9808,435.293,2.748,
29,81,Harrison,MO,-94.001268,40.315594,8157,722.517,3.888,
29,83,Henry,MO,-93.73769,38.394287,21946,696.936,35.389,
29,85,Hickory,MO,-93.329051,37.91105,8279,398.808,12.917,
29,87,Holt,MO,-95.185877,40.084331,4223,462.693,7.66,
29,93,Iron,MO,-90.713802,37.578019,9537,550.263,1.802,
29,103,Knox,MO,-92.154081,40.155205,3744,504.009,2.821,
29,109,Lawrence,MO,-93.799734,37.034976,38001,611.738,1.64,
29,115,Linn,MO,-93.066695,39.797177,11874,615.588,5.788,
29,117,Livingston,MO,-93.553067,39.79808,14557,532.303,6.25,
29,119,McDonald,MO,-94.399016,36.615343,23303,539.445,0.201,
29,121,Macon,MO,-92.50812,39.796483,15209,801.208,11.163,
29,123,Madison,MO,-90.299752,37.539522,12626,494.386,3.213,
29,125,Maries,MO,-91.878849,38.170013,8432,526.981,2.947,
29,129,Mercer,MO,-93.579508,40.415018,3538,453.835,1.275,
29,131,Miller,MO,-92.50897,38.246362,24722,592.572,7.421,
29,137,Monroe,MO,-91.966322,39.524752,8666,647.63,22.536,
29,139,Montgomery,MO,-91.467436,38.948967,11322,535.047,5.444,
29,141,Morgan,MO,-92.85098,38.383773,21006,597.635,16.377,
29,143,New Madrid,MO,-89.651942,36.612845,16434,674.884,21.713,
29,149,Oregon,MO,-91.47387,36.614979,8635,789.844,1.748,
29,153,Ozark,MO,-92.421851,36.623314,8553,745.005,10.273,
29,155,Pemiscot,MO,-89.744692,36.179974,15661,492.605,20.817,
29,157,Perry,MO,-89.85786,37.713861,18956,474.355,9.805,
29,163,Pike,MO,-91.160041,39.362999,17587,670.439,14.277,
29,171,Putnam,MO,-92.984514,40.483035,4681,517.317,2.294,
29,179,Reynolds,MO,-90.970144,37.329,6096,808.477,5.936,
29,181,Ripley,MO,-90.790679,36.626945,10679,629.516,2.106,
29,185,St. Clair,MO,-93.763876,38.057169,9284,674.981,27.08,
29,186,Ste. Genevieve,MO,-90.165655,37.94083,18479,499.153,7.622,
29,199,Scotland,MO,-92.151796,40.44806,4716,436.507,2.787,
29,203,Shannon,MO,-91.432915,37.068998,7031,1003.82,0.179,
29,205,Shelby,MO,-92.07725,39.761716,6103,500.863,1.454,
29,207,Stoddard,MO,-89.970872,36.847864,28672,823.142,5.802,
29,209,Stone,MO,-93.437769,36.723445,31076,463.826,46.79,
29,211,Sullivan,MO,-93.101593,40.21493,5999,647.982,3.522,
29,215,Texas,MO,-91.966146,37.330114,24487,1177.267,1.958,
29,217,Vernon,MO,-94.33739,37.836794,19707,826.391,10.433,
29,221,Washington,MO,-90.785794,37.953782,23514,759.866,2.622,
29,223,Wayne,MO,-90.523545,37.109113,10974,759.186,14.879,
29,227,Worth,MO,-94.437082,40.481643,1973,266.629,0.191,
29,229,Wright,MO,-92.433272,37.193283,18188,681.775,1.361,
30,1,Beaverhead,MT,-112.693549,45.225028,9371,5542.687,30.249,
30,3,Big Horn,MT,-107.499673,45.568552,13124,4997.815,18.299,
30,5,Blaine,MT,-108.871588,48.432419,7044,4227.517,11.228,
30,11,Carter,MT,-104.525341,45.687353,1415,3340.477,7.53,
30,15,Chouteau,MT,-110.386252,47.962552,5895,3972.52,24.175,
30,17,Custer,MT,-105.814642,46.401678,11867,3783.309,9.889,
30,19,Daniels,MT,-105.431739,48.783637,1661,1426.27,0.394,
30,21,Dawson,MT,-104.748806,47.137216,8940,2371.926,11.538,
30,23,Deer Lodge,MT,-112.955566,46.135851,9421,736.683,4.71,
30,25,Fallon,MT,-104.316077,46.360506,3049,1620.595,2.284,
30,27,Fergus,MT,-109.4146,47.092022,11446,4339.329,10.695,
30,33,Garfield,MT,-106.946674,47.309975,1173,4676.56,172.535,
30,35,Glacier,MT,-112.803122,48.601084,13778,2995.098,40.858,
30,37,Golden Valley,MT,-109.120778,46.297881,823,1174.423,1.012,
30,39,Granite,MT,-113.319927,46.445392,3309,1727.162,5.616,
30,41,Hill,MT,-109.767061,48.511678,16309,2899.401,17.06,
30,45,Judith Basin,MT,-110.171269,47.094038,2023,1869.687,0.798,
30,47,Lake,MT,-114.123168,47.608393,31134,1490.467,163.532,
30,51,Liberty,MT,-110.985198,48.538044,1959,1429.988,17.147,
30,53,Lincoln,MT,-115.42649,48.553306,19677,3612.559,62.377,
30,55,McCone,MT,-105.638886,47.569721,1729,2642.225,39.778,
30,57,Madison,MT,-111.922649,45.419014,8623,3588.156,15.386,
30,59,Meagher,MT,-110.881517,46.529828,1927,2391.868,2.886,
30,65,Musselshell,MT,-108.483111,46.420108,4730,1868.958,2.749,
30,67,Park,MT,-110.596931,45.604896,17191,2802.479,10.758,
30,69,Petroleum,MT,-108.317862,47.012154,496,1655.625,18.891,
30,71,Phillips,MT,-107.86655,48.367246,4217,5140.422,71.619,
30,73,Pondera,MT,-112.157767,48.211424,5898,1624.567,16.981,
30,75,Powder River,MT,-105.544609,45.438494,1694,3298.196,0.605,
30,77,Powell,MT,-112.757979,46.450646,6946,2326.042,6.273,
30,79,Prairie,MT,-105.276222,46.809714,1088,1736.603,5.827,
30,81,Ravalli,MT,-114.111357,46.358548,44174,2390.998,9.347,
30,83,Richland,MT,-104.204227,47.72072,11491,2084.556,18.92,
30,85,Roosevelt,MT,-105.212553,48.134392,10794,2354.602,14.897,
30,87,Rosebud,MT,-106.612238,45.902894,8329,5008.135,17.079,
30,89,Sanders,MT,-115.175789,47.635009,12400,2760.401,29.496,
30,91,Sheridan,MT,-104.49367,48.734101,3539,1676.941,29.001,
30,97,Sweet Grass,MT,-109.91651,45.829391,3678,1855.536,6.74,
30,99,Teton,MT,-112.039341,47.762524,6226,2271.616,20.319,
30,101,Toole,MT,-111.850473,48.578065,4971,1914.864,30.126,
30,103,Treasure,MT,-107.247111,46.247085,762,977.801,6.622,
30,105,Valley,MT,-106.541586,48.236249,7578,4926.114,135.67,
30,107,Wheatland,MT,-109.845461,46.454552,2069,1422.481,5.024,
30,109,Wibaux,MT,-104.191241,46.969955,937,889.571,0.678,
31,3,Antelope,NE,-98.057377,42.147054,6295,857.157,1.435,
31,5,Arthur,NE,-101.678874,41.569368,434,715.152,2.952,
31,9,Blaine,NE,-100.013369,41.906138,431,710.691,3.646,
31,11,Boone,NE,-98.014023,41.677314,5379,686.543,0.674,
31,13,Box Butte,NE,-102.905215,42.136678,10842,1075.364,2.544,
31,15,Boyd,NE,-98.74483,42.893569,1810,539.935,4.592,
31,17,Brown,NE,-99.849627,42.543087,2903,1221.356,3.789,
31,21,Burt,NE,-96.347791,41.845218,6722,491.586,5.477,
31,23,Butler,NE,-97.141745,41.247435,8369,584.893,5.918,
31,27,Cedar,NE,-97.250958,42.576739,8380,740.244,5.603,
31,29,Chase,NE,-101.625629,40.501955,3893,894.419,3.08,
31,31,Cherry,NE,-100.749694,42.788407,5455,5960.222,49.21,
31,33,Cheyenne,NE,-102.982567,41.164852,9468,1196.008,0.113,
31,39,Cuming,NE,-96.758441,41.896856,9013,570.522,4.128,
31,41,Custer,NE,-99.673936,41.400577,10545,2575.594,0.36,
31,45,Dawes,NE,-103.066332,42.786274,8199,1396.391,4.585,
31,49,Deuel,NE,-102.33652,41.090929,1838,439.851,0.861,
31,51,Dixon,NE,-96.826061,42.436803,5606,476.11,6.607,
31,57,Dundy,NE,-101.59927,40.089487,1654,919.678,1.176,
31,59,Fillmore,NE,-97.580053,40.541248,5551,575.371,1.154,
31,61,Franklin,NE,-98.95454,40.185987,2889,575.816,0.188,
31,63,Frontier,NE,-100.398828,40.609996,2519,974.631,5.448,
31,65,Furnas,NE,-99.934116,40.250813,4636,719.132,1.512,
31,69,Garden,NE,-102.323863,41.429505,1874,1705.365,25.503,
31,71,Garfield,NE,-99.104124,41.803658,1813,569.33,2.055,
31,75,Grant,NE,-101.734576,41.969597,611,776.985,6.371,
31,77,Greeley,NE,-98.49942,41.555312,2188,569.811,0.845,
31,81,Hamilton,NE,-98.023002,40.879505,9429,542.11,2.63,
31,83,Harlan,NE,-99.406335,40.145347,3073,553.466,20.595,
31,85,Hayes,NE,-101.049757,40.500842,856,713.062,0.22,
31,87,Hitchcock,NE,-101.004675,40.21095,2616,709.943,8.534,
31,89,Holt,NE,-98.743792,42.460461,10127,2412.397,5.098,
31,91,Hooker,NE,-101.050551,42.010663,711,721.16,0.341,
31,95,Jefferson,NE,-97.141688,40.164225,7240,570.178,5.488,
31,97,Johnson,NE,-96.227732,40.401098,5290,376.075,0.658,
31,101,Keith,NE,-101.6998,41.141819,8335,1061.744,48.12,
31,103,Keya Paha,NE,-99.717406,42.868932,769,773.076,0.847,
31,105,Kimball,NE,-103.66158,41.231296,3434,951.942,0.559,
31,107,Knox,NE,-97.782589,42.62421,8391,1108.443,31.279,
31,115,Loup,NE,-99.416371,41.832646,607,563.521,7.554,
31,117,McPherson,NE,-101.004858,41.560427,399,859.255,1.035,
31,123,Morrill,NE,-103.162925,41.708586,4555,1424.017,6.041,
31,125,Nance,NE,-97.896242,41.404591,3380,441.598,6.633,
31,127,Nemaha,NE,-95.839188,40.401975,7074,407.377,2.228,
31,129,Nuckolls,NE,-98.0618,40.114628,4095,575.155,0.664,
31,131,Otoe,NE,-96.03688,40.670824,15912,615.664,3.355,
31,133,Pawnee,NE,-96.177346,40.133204,2544,431.075,1.874,
31,135,Perkins,NE,-101.675458,40.844891,2858,883.313,1.097,
31,137,Phelps,NE,-99.40454,40.466361,8968,539.79,0.636,
31,143,Polk,NE,-97.55672,41.173605,5214,438.671,1.971,
31,145,Red Willow,NE,-100.592097,40.206742,10702,717.006,1.0,
31,147,Richardson,NE,-95.669705,40.099879,7871,551.841,2.733,
31,149,Rock,NE,-99.499863,42.536738,1262,1008.293,3.401,
31,151,Saline,NE,-97.016896,40.579217,14292,574.061,2.248,
31,161,Sheridan,NE,-102.404074,42.704794,5127,2440.885,28.851,
31,163,Sherman,NE,-98.968633,41.228647,2959,565.853,5.791,
31,165,Sioux,NE,-103.833171,42.408762,1135,2066.722,0.643,
31,169,Thayer,NE,-97.628078,40.178256,5034,573.807,1.168,
31,171,Thomas,NE,-100.565595,41.967138,669,712.577,0.783,
31,173,Thurston,NE,-96.522459,42.161934,6773,393.584,2.494,
31,175,Valley,NE,-98.948914,41.573672,4059,568.112,2.346,
31,179,Wayne,NE,-97.056303,42.223628,9697,442.916,0.419,
31,183,Wheeler,NE,-98.545473,41.885209,774,575.183,0.409,
31,185,York,NE,-97.605023,40.863485,14125,572.51,3.319,
32,9,Esmeralda,NV,-117.670635,37.704407,729,3581.889,7.163,
32,15,Lander,NV,-116.949528,40.49846,5734,5519.247,0.256,
32,17,Lincoln,NV,-114.626444,37.710093,4499,10633.386,3.785,
32,21,Mineral,NV,-118.643399,38.601613,4554,3751.283,60.18,
32,27,Pershing,NV,-118.294224,40.334654,6650,6036.589,30.863,
32,33,White Pine,NV,-114.875458,39.278317,9080,8886.665,9.045,
33,3,Carroll,NH,-71.170079,43.810093,50107,931.864,61.63,
33,7,Coos,NH,-71.3636,44.544534,31268,1794.573,35.733,
35,3,Catron,NM,-108.531494,33.958709,3579,6924.187,5.48,
35,6,Cibola,NM,-107.818849,35.107009,27172,4539.984,2.145,
35,7,Colfax,NM,-104.656615,36.698075,12387,3757.976,10.153,
35,11,De Baca,NM,-104.247994,34.460693,1698,2323.107,11.232,
35,19,Guadalupe,NM,-104.764455,34.932588,4452,3029.772,1.115,
35,21,Harding,NM,-103.978557,35.853043,657,2125.478,0.449,
35,23,Hidalgo,NM,-108.771223,32.286524,4178,3438.534,9.105,
35,37,Quay,NM,-103.662364,35.178327,8746,2873.955,7.164,
35,51,Sierra,NM,-107.281723,33.106952,11576,4181.208,57.006,
35,53,Socorro,NM,-106.960356,34.154884,16595,6646.387,1.87,
35,59,Union,NM,-103.265891,36.468186,4079,3825.05,5.984,
36,3,Allegany,NY,-78.020786,42.228676,46456,1029.435,5.015,
36,17,Chenango,NY,-75.568857,42.480979,47220,893.593,5.037,
36,25,Delaware,NY,-74.996335,42.248721,44308,1442.596,24.774,
36,31,Essex,NY,-73.676357,44.168428,37381,1794.122,122.144,
36,33,Franklin,NY,-74.351416,44.717734,47555,1629.296,68.194,
36,39,Greene,NY,-73.978824,42.298257,47931,647.161,10.888,
36,41,Hamilton,NY,-74.385492,43.612735,5107,1717.378,90.427,
36,49,Lewis,NY,-75.449227,43.788692,26582,1274.642,15.295,
36,97,Schuyler,NY,-76.869139,42.389251,17898,328.343,13.995,
36,121,Wyoming,NY,-78.209554,42.722711,40531,592.752,3.536,
36,123,Yates,NY,-77.078135,42.634707,24774,338.139,37.64,
37,5,Alleghany,NC,-81.10603,36.497597,10888,234.835,1.424,
37,9,Ashe,NC,-81.487979,36.41363,26577,426.264,3.113,
37,11,Avery,NC,-81.939525,36.07601,17806,247.338,0.172,
37,15,Bertie,NC,-76.962721,36.081687,17934,699.176,42.132,
37,17,Bladen,NC,-78.643311,34.60917,29606,875.032,12.75,
37,33,Caswell,NC,-79.361345,36.399939,22736,425.367,3.337,
37,39,Cherokee,NC,-84.022596,35.101433,28774,455.541,11.125,
37,41,Chowan,NC,-76.626616,36.117035,13708,172.657,60.991,
37,43,Clay,NC,-83.805739,35.036306,11089,214.983,5.798,
37,47,Columbus,NC,-78.706901,34.280555,50623,938.121,16.877,
37,61,Duplin,NC,-77.940295,34.92845,48715,814.72,5.497,
37,75,Graham,NC,-83.787137,35.332126,8030,291.966,9.675,
37,77,Granville,NC,-78.649713,36.216579,60992,531.991,5.6,
37,79,Greene,NC,-77.665166,35.466704,20451,266.734,0.475,
37,91,Hertford,NC,-77.011325,36.352235,21552,353.164,7.235,
37,95,Hyde,NC,-76.205134,35.430458,4589,612.345,846.695,
37,99,Jackson,NC,-83.199035,35.332904,43109,491.107,3.766,
37,113,Macon,NC,-83.377321,35.156852,37014,515.579,4.094,
37,117,Martin,NC,-77.097262,35.830325,22031,456.412,0.288,
37,121,Mitchell,NC,-82.113979,35.960065,14903,221.251,0.63,
37,123,Montgomery,NC,-79.892912,35.340612,25751,491.537,9.995,
37,143,Perquimans,NC,-76.422879,36.180608,13005,247.173,81.759,
37,149,Polk,NC,-82.17688,35.258428,19328,237.687,0.758,
37,163,Sampson,NC,-78.397561,35.036714,59036,945.93,1.901,
37,173,Swain,NC,-83.411997,35.437811,14117,527.728,12.516,
37,177,Tyrrell,NC,-76.242529,35.895302,3245,390.777,206.399,
37,185,Warren,NC,-78.134476,36.4113,18642,429.391,14.91,
37,187,Washington,NC,-76.651708,35.863224,11003,346.51,75.399,
37,199,Yancey,NC,-82.294631,35.910934,18470,312.592,0.589,
38,1,Adams,ND,-102.621818,46.035876,2200,987.547,1.118,
38,3,Barnes,ND,-98.030382,46.926891,10853,1491.558,21.846,
38,5,Benson,ND,-99.148961,48.022233,5964,1388.555,50.841,
38,9,Bottineau,ND,-100.635057,48.818996,6379,1668.858,28.838,
38,11,Bowman,ND,-103.389737,46.17101,2993,1161.809,5.245,
38,13,Burke,ND,-102.539257,48.760535,2201,1103.619,25.38,
38,19,Cavalier,ND,-98.408736,48.756287,3704,1489.125,20.71,
38,21,Dickey,ND,-98.316828,46.090319,4999,1131.493,10.664,
38,23,Divide,ND,-103.340573,48.873168,2195,1261.13,33.466,
38,27,Eddy,ND,-99.056923,47.705809,2347,630.239,13.905,
38,29,Emmons,ND,-100.221494,46.26697,3301,1510.003,45.309,
38,31,Foster,ND,-99.032312,47.460553,3397,634.08,12.782,
38,33,Golden Valley,ND,-103.959283,46.891037,1736,1000.885,1.602,
38,37,Grant,ND,-101.709905,46.39358,2301,1659.233,6.781,
38,39,Griggs,ND,-98.184378,47.45152,2306,708.685,7.895,
38,41,Hettinger,ND,-102.563748,46.452752,2489,1132.239,1.548,
38,43,Kidder,ND,-99.803211,46.913782,2394,1351.062,81.752,
38,45,LaMoure,ND,-98.531088,46.405038,4093,1146.005,4.952,
38,47,Logan,ND,-99.553732,46.497157,1876,992.599,18.421,
38,51,McIntosh,ND,-99.492968,46.146072,2530,974.563,19.998,
38,53,McKenzie,ND,-103.249949,47.815379,14704,2760.134,100.433,
38,55,McLean,ND,-101.227016,47.524037,9771,2110.259,217.701,
38,57,Mercer,ND,-101.712049,47.300979,8350,1042.781,69.816,
38,61,Mountrail,ND,-102.385064,48.134813,9809,1825.163,116.256,
38,63,Nelson,ND,-98.211495,47.914125,3015,981.815,27.056,
38,67,Pembina,ND,-97.583136,48.786353,6844,1118.535,2.706,
38,69,Pierce,ND,-99.985438,48.327982,3990,1018.285,64.181,
38,71,Ramsey,ND,-98.834617,48.129972,11605,1185.367,115.639,
38,73,Ransom,ND,-97.654107,46.473332,5703,862.472,1.383,
38,79,Rolette,ND,-99.815657,48.837585,12187,903.042,36.457,
38,81,Sargent,ND,-97.587859,46.166223,3862,858.483,8.391,
38,83,Sheridan,ND,-100.333635,47.581765,1265,972.226,33.282,
38,85,Sioux,ND,-100.727458,46.166774,3898,1094.052,34.151,
38,87,Slope,ND,-103.416249,46.418394,706,1215.264,4.24,
38,91,Steele,ND,-97.75048,47.459852,1798,712.143,3.257,
38,95,Towner,ND,-99.232995,48.575593,2162,1025.113,16.523,
38,97,Traill,ND,-97.221419,47.489414,7997,861.871,0.565,
38,99,Walsh,ND,-97.55615,48.392384,10563,1281.607,12.425,
38,103,Wells,ND,-99.776162,47.673531,3982,1270.533,19.756,
39,1,Adams,OH,-83.519185,38.851155,27477,583.872,2.413,
39,65,Hardin,OH,-83.673001,40.687272,30696,470.285,0.243,
39,67,Harrison,OH,-81.052878,40.308308,14483,402.331,8.435,
39,69,Henry,OH,-84.078123,41.360177,27662,416.01,3.74,
39,71,Highland,OH,-83.582063,39.21912,43317,553.084,4.709,
39,75,Holmes,OH,-81.869548,40.568212,44223,422.612,1.426,
39,79,Jackson,OH,-82.610925,39.035842,32653,420.31,1.223,
39,105,Meigs,OH,-82.011139,39.061474,22210,430.102,2.903,
39,111,Monroe,OH,-81.066658,39.743928,13385,455.723,1.736,
39,115,Morgan,OH,-81.865949,39.615975,13802,416.426,5.355,
39,121,Noble,OH,-81.487122,39.77294,14115,398.012,6.558,
39,125,Paulding,OH,-84.588497,41.132652,18806,416.435,2.411,
39,131,Pike,OH,-83.036586,39.084195,27088,440.282,3.694,
39,135,Preble,OH,-84.625367,39.743238,40999,424.226,2.341,
39,137,Putnam,OH,-84.115516,41.008256,34451,482.544,1.755,
39,163,Vinton,OH,-82.504249,39.241186,12800,412.36,2.618,
39,171,Williams,OH,-84.57175,41.532546,37102,420.66,2.432,
39,175,Wyandot,OH,-83.299297,40.865997,21900,406.879,0.689,
40,1,Adair,OK,-94.635683,35.887468,19495,573.878,3.426,
40,3,Alfalfa,OK,-98.317631,36.658546,5699,866.565,14.883,
40,5,Atoka,OK,-96.097526,34.329959,14143,975.446,14.397,
40,7,Beaver,OK,-100.638158,36.829383,5049,1814.837,2.837,
40,11,Blaine,OK,-98.428177,35.885203,8735,928.488,10.369,
40,15,Caddo,OK,-98.339383,35.175959,26945,1277.754,12.394,
40,23,Choctaw,OK,-95.528308,34.019064,14204,770.377,29.147,
40,25,Cimarron,OK,-102.496037,36.734437,2296,1834.808,6.148,
40,29,Coal,OK,-96.278199,34.548037,5266,516.771,4.664,
40,35,Craig,OK,-95.154588,36.679216,14107,761.255,1.409,
40,41,Delaware,OK,-94.793251,36.468532,40397,737.801,54.195,
40,43,Dewey,OK,-99.074156,36.057055,4484,999.628,8.753,
40,45,Ellis,OK,-99.786963,36.262513,3749,1231.477,0.368,
40,49,Garvin,OK,-97.28949,34.737491,25656,802.142,11.594,
40,53,Grant,OK,-97.779663,36.761056,4169,1000.74,2.719,
40,55,Greer,OK,-99.464241,34.912036,5491,639.285,4.304,
40,57,Harmon,OK,-99.897391,34.694548,2488,537.258,1.467,
40,59,Harper,OK,-99.761804,36.768589,3272,1038.584,2.031,
40,61,Haskell,OK,-95.124795,35.239002,11561,576.725,48.745,
40,63,Hughes,OK,-96.326231,35.079245,13367,804.471,10.219,
40,67,Jefferson,OK,-97.871654,34.132097,5337,758.956,15.219,
40,69,Johnston,OK,-96.650068,34.262325,10272,643.049,15.309,
40,73,Kingfisher,OK,-97.91096,35.913869,15184,898.078,7.957,
40,75,Kiowa,OK,-99.017988,34.936853,8509,1015.078,15.559,
40,77,Latimer,OK,-95.255214,34.88202,9444,722.105,7.044,
40,79,Le Flore,OK,-94.639064,35.065249,48129,1589.411,19.21,
40,85,Love,OK,-97.170128,33.922696,10146,513.914,18.34,
40,89,McCurtain,OK,-94.814678,33.999674,30814,1850.767,51.728,
40,91,McIntosh,OK,-95.581367,35.385902,18941,618.286,93.774,
40,93,Major,OK,-98.432369,36.298864,7782,955.0,2.954,
40,95,Marshall,OK,-96.749333,34.01809,15312,371.49,55.491,
40,97,Mayes,OK,-95.243222,36.292233,39046,655.395,28.145,
40,99,Murray,OK,-97.027691,34.507083,13904,416.375,8.769,
40,103,Noble,OK,-97.233088,36.324096,10924,731.711,10.851,
40,105,Nowata,OK,-95.635237,36.774995,9320,565.817,15.021,
40,107,Okfuskee,OK,-96.337952,35.451094,11310,618.458,10.29,
40,127,Pushmataha,OK,-95.482036,34.327826,10812,1395.537,27.026,
40,129,Roger Mills,OK,-99.659405,35.628485,3442,1141.135,5.285,
40,133,Seminole,OK,-96.631163,35.186227,23556,632.833,7.693,
40,141,Tillman,OK,-98.971119,34.382478,6968,871.134,8.068,
40,151,Woods,OK,-98.708062,36.767497,8624,1286.482,3.506,
41,21,Gilliam,OR,-120.197022,45.449592,1995,1204.721,18.114,
41,23,Grant,OR,-119.003559,44.451525,7233,4527.792,0.731,
41,25,Harney,OR,-118.986891,43.521602,7495,10134.438,93.27,
41,37,Lake,OR,-120.476422,42.478434,8160,8138.61,219.495,
41,55,Sherman,OR,-120.72146,45.518367,1870,823.614,7.574,
41,57,Tillamook,OR,-123.858484,45.469525,27390,1102.369,230.039,
41,63,Wallowa,OR,-117.305634,45.443336,7391,3145.897,5.479,
41,69,Wheeler,OR,-120.088844,44.837096,1451,1716.021,0.479,
42,9,Bedford,PA,-78.476925,40.054295,47577,1012.241,4.635,
42,23,Cameron,PA,-78.23879,41.502354,4547,396.233,2.183,
42,31,Clarion,PA,-79.429465,41.182373,37241,600.835,9.008,
42,53,Forest,PA,-79.223165,41.487078,6973,427.259,3.232,
42,57,Fulton,PA,-78.08615,39.918305,14556,437.551,0.504,
42,59,Greene,PA,-80.113513,39.876907,35954,575.932,2.045,
42,65,Jefferson,PA,-78.964273,41.085869,44492,652.435,4.365,
42,67,Juniata,PA,-77.327685,40.573028,23509,391.391,2.125,
42,105,Potter,PA,-77.935838,41.823262,16396,1081.249,0.216,
42,113,Sullivan,PA,-76.492908,41.469615,5840,449.939,2.555,
42,115,Susquehanna,PA,-75.76923,41.823092,38434,823.498,8.643,
42,117,Tioga,PA,-77.211057,41.814804,41045,1133.805,3.197,
42,127,Wayne,PA,-75.307606,41.539728,51155,725.769,25.014,
45,5,Allendale,SC,-81.291327,32.997052,8039,408.095,4.322,
45,9,Bamberg,SC,-81.072226,33.267569,13311,393.367,2.195,
45,11,Barnwell,SC,-81.356749,33.294536,20589,548.379,8.883,
45,25,Chesterfield,SC,-80.149834,34.681114,43273,798.986,6.666,
45,27,Clarendon,SC,-80.207955,33.686186,31144,607.206,88.455,
45,29,Colleton,SC,-80.646921,32.90881,38604,1056.504,76.782,
45,33,Dillon,SC,-79.361598,34.39479,28292,405.067,1.754,
45,49,Hampton,SC,-81.116415,32.801597,18561,559.975,2.731,
45,61,Lee,SC,-80.266874,34.183585,16531,410.184,1.048,
45,65,McCormick,SC,-82.297749,33.879301,9526,358.866,34.74,
45,67,Marion,SC,-79.340476,34.166085,29183,489.372,4.795,
45,69,Marlboro,SC,-79.671661,34.637958,26667,479.874,5.594,
45,89,Williamsburg,SC,-79.733224,33.651948,31026,934.166,2.881,
46,3,Aurora,SD,-98.529708,43.693726,2747,708.46,4.325,
46,7,Bennett,SD,-101.785879,43.210572,3381,1184.642,5.809,
46,9,Bon Homme,SD,-97.859901,42.966147,7003,563.549,18.069,
46,15,Brule,SD,-99.191362,43.762674,5247,817.222,29.255,
46,17,Buffalo,SD,-99.371007,44.059088,1948,471.405,16.356,
46,19,Butte,SD,-103.766262,44.669688,10243,2250.01,16.506,
46,21,Campbell,SD,-100.100553,45.801272,1377,733.677,37.16,
46,23,Charles Mix,SD,-98.527816,43.175337,9373,1097.488,52.748,
46,25,Clark,SD,-97.709207,44.825614,3837,957.512,9.986,
46,31,Corson,SD,-100.912373,45.758065,3902,2469.694,59.957,
46,37,Day,SD,-97.519215,45.369062,5449,1028.489,62.604,
46,39,Deuel,SD,-96.660949,44.738673,4295,622.739,13.875,
46,41,Dewey,SD,-101.110107,45.116562,5239,2302.376,142.893,
46,43,Douglas,SD,-98.369735,43.377636,2835,431.801,1.866,
46,47,Fall River,SD,-103.513072,43.387361,6973,1739.889,9.275,
46,49,Faulk,SD,-99.099318,45.061037,2125,981.713,24.179,
46,51,Grant,SD,-96.658721,45.206943,7556,681.446,6.087,
46,53,Gregory,SD,-99.27955,43.183504,3994,1014.95,38.572,
46,55,Haakon,SD,-101.572693,44.133291,1872,1810.541,16.391,
46,57,Hamlin,SD,-97.148245,44.646162,6164,507.019,31.053,
46,59,Hand,SD,-98.991594,44.525472,3145,1436.633,3.585,
46,63,Harding,SD,-103.520304,45.605864,1311,2671.57,6.546,
46,67,Hutchinson,SD,-97.745451,43.336978,7427,813.013,1.407,
46,69,Hyde,SD,-99.455271,44.519687,1262,860.629,5.615,
46,71,Jackson,SD,-101.665063,43.649678,2806,1863.883,7.377,
46,73,Jerauld,SD,-98.537954,44.09101,1663,526.133,6.459,
46,75,Jones,SD,-100.695148,43.89534,917,969.672,1.215,
46,77,Kingsbury,SD,-97.408777,44.377105,5187,832.237,31.527,
46,79,Lake,SD,-97.095038,44.001466,11059,562.891,12.272,
46,85,Lyman,SD,-99.716961,43.953669,3718,1642.285,64.595,
46,89,McPherson,SD,-99.243067,45.766155,2411,1136.668,14.867,
46,91,Marshall,SD,-97.628902,45.757886,4306,838.081,48.143,
46,95,Mellette,SD,-100.809211,43.54937,1918,1307.325,3.56,
46,97,Miner,SD,-97.551535,44.01131,2298,570.17,1.752,
46,101,Moody,SD,-96.663373,44.018445,6336,519.379,1.425,
46,102,Oglala Lakota,SD,-102.47964,43.183372,13672,2093.601,2.751,
46,105,Perkins,SD,-102.331006,45.70961,2835,2870.46,19.514,
46,107,Potter,SD,-99.951949,45.070399,2472,861.138,37.518,
46,109,Roberts,SD,-96.959096,45.611156,10280,1101.055,34.722,
46,115,Spink,SD,-98.412881,44.904738,6361,1503.499,6.241,
46,119,Sully,SD,-100.135851,44.703108,1446,1006.727,63.466,
46,121,Todd,SD,-100.780183,43.24927,9319,1388.595,2.26,
46,123,Tripp,SD,-99.846955,43.350237,5624,1612.458,5.125,
46,129,Walworth,SD,-100.311806,45.518483,5315,708.642,35.991,
46,137,Ziebach,SD,-101.530161,44.929817,2413,1961.248,9.348,
47,5,Benton,TN,-88.090044,36.070898,15864,394.306,41.924,
47,7,Bledsoe,TN,-85.200314,35.621511,14913,406.555,0.332,
47,17,Carroll,TN,-88.464218,36.018877,28440,597.658,2.436,
47,25,Claiborne,TN,-83.639849,36.4887,32043,434.604,6.97,
47,27,Clay,TN,-85.562901,36.552828,7581,236.537,22.807,
47,39,Decatur,TN,-88.123327,35.606176,11435,333.878,11.005,
47,41,DeKalb,TN,-85.836916,35.967047,20080,304.415,24.571,
47,49,Fentress,TN,-84.936669,36.363232,18489,498.607,0.325,
47,55,Giles,TN,-87.030448,35.192203,30346,610.931,0.248,
47,61,Grundy,TN,-85.722272,35.343196,13529,360.444,0.678,
47,67,Hancock,TN,-83.231102,36.517225,6662,222.324,1.154,
47,69,Hardeman,TN,-89.018519,35.222929,25462,667.768,2.613,
47,71,Hardin,TN,-88.225953,35.198544,26831,577.484,18.808,
47,75,Haywood,TN,-89.267733,35.586198,17864,533.107,0.955,
47,77,Henderson,TN,-88.402891,35.647965,27842,520.009,5.876,
47,83,Houston,TN,-87.704274,36.304161,8283,200.294,6.681,
47,85,Humphreys,TN,-87.77509,36.071211,18990,530.763,25.94,
47,91,Johnson,TN,-81.844689,36.450066,17948,298.44,4.25,
47,95,Lake,TN,-89.467221,36.356402,7005,165.785,28.108,
47,97,Lauderdale,TN,-89.537383,35.765131,25143,471.895,30.985,
47,101,Lewis,TN,-87.521716,35.533225,12582,282.092,0.396,
47,109,McNairy,TN,-88.537496,35.176963,25866,562.842,0.77,
47,123,Monroe,TN,-84.354235,35.518372,46250,635.774,16.813,
47,135,Perry,TN,-87.859297,35.653842,8366,414.762,8.105,
47,137,Pickett,TN,-85.141318,36.565622,5001,162.979,11.515,
47,143,Rhea,TN,-84.954393,35.556758,32870,315.473,21.008,
47,151,Scott,TN,-84.508258,36.45447,21850,532.301,0.934,
47,175,Van Buren,TN,-85.454611,35.711516,6168,273.415,1.117,
47,181,Wayne,TN,-87.790328,35.258132,16232,734.109,1.553,
48,17,Bailey,TX,-102.744103,34.218733,6904,826.972,0.685,
48,23,Baylor,TX,-99.264553,33.591163,3465,867.481,33.587,
48,31,Blanco,TX,-98.39208,30.177148,11374,709.252,4.175,
48,33,Borden,TX,-101.436493,32.757641,631,897.443,8.609,
48,43,Brewster,TX,-103.620129,30.222448,9546,6183.763,8.518,
48,45,Briscoe,TX,-101.234309,34.443465,1435,900.001,1.571,
48,53,Burnet,TX,-98.241706,30.672177,49130,994.802,26.972,
48,67,Cass,TX,-94.297274,33.080612,28454,936.948,23.357,
48,69,Castro,TX,-102.272214,34.525081,7371,894.444,4.848,
48,75,Childress,TX,-100.223958,34.428092,6664,696.511,17.205,
48,81,Coke,TX,-100.416634,31.904116,3285,911.646,16.344,
48,83,Coleman,TX,-99.425034,31.808131,7684,1262.914,18.519,
48,87,Collingsworth,TX,-100.221748,34.861822,2652,918.441,0.88,
48,89,Colorado,TX,-96.538931,29.664806,20557,960.291,13.394,
48,93,Comanche,TX,-98.559029,31.972232,13594,937.753,9.93,
48,95,Concho,TX,-99.857069,31.291192,3303,983.755,9.938,
48,101,Cottle,TX,-100.30428,34.02779,1380,900.564,1.052,
48,103,Crane,TX,-102.352663,31.402296,4675,785.069,0.655,
48,105,Crockett,TX,-101.216615,30.704747,3098,2807.324,0.021,
48,109,Culberson,TX,-104.819502,31.064217,2188,3812.156,0.215,
48,111,Dallam,TX,-102.568672,36.104995,7115,1503.132,2.0,
48,115,Dawson,TX,-101.949301,32.734655,12456,900.306,1.823,
48,119,Delta,TX,-95.70459,33.374802,5230,256.832,21.1,
48,123,DeWitt,TX,-97.31152,29.099569,19824,908.976,1.513,
48,125,Dickens,TX,-100.855931,33.5467,1770,901.724,3.497,
48,127,Dimmit,TX,-99.826991,28.520685,8615,1328.885,5.628,
48,129,Donley,TX,-100.862317,34.943929,3258,926.906,6.14,
48,131,Duval,TX,-98.391035,27.742533,9831,1793.477,2.115,
48,133,Eastland,TX,-98.845399,32.357306,17725,926.508,5.406,
48,137,Edwards,TX,-100.202797,29.985934,1422,2117.872,2.006,
48,149,Fayette,TX,-96.901177,29.856137,24435,949.934,9.874,
48,151,Fisher,TX,-100.413975,32.770889,3672,898.951,2.803,
48,155,Foard,TX,-99.705226,33.99161,1095,704.397,3.288,
48,159,Franklin,TX,-95.223923,33.122067,10359,284.391,10.377,
48,161,Freestone,TX,-96.20929,31.700054,19435,877.731,14.261,
48,163,Frio,TX,-99.108503,28.839468,18385,1133.501,0.847,
48,165,Gaines,TX,-102.658045,32.751995,21598,1502.363,0.488,
48,173,Glasscock,TX,-101.525278,31.8426,1116,900.218,0.867,
48,177,Gonzales,TX,-97.504312,29.477178,19653,1066.686,3.168,
48,185,Grimes,TX,-96.007289,30.439295,29268,787.466,14.135,
48,191,Hall,TX,-100.592641,34.664744,2825,883.492,20.605,
48,193,Hamilton,TX,-98.095686,31.763001,8222,835.915,0.478,
48,195,Hansford,TX,-101.271246,36.213672,5285,919.81,0.598,
48,197,Hardeman,TX,-99.701429,34.285182,3549,695.114,1.756,
48,205,Hartley,TX,-102.50231,35.994603,5382,1461.951,1.167,
48,207,Haskell,TX,-99.764733,33.177505,5416,903.133,7.129,
48,211,Hemphill,TX,-100.360755,35.893039,3382,906.286,5.871,
48,217,Hill,TX,-97.17713,31.998194,35874,958.855,26.851,
48,225,Houston,TX,-95.466359,31.297879,22066,1231.001,5.574,
48,237,Jack,TX,-98.168766,33.200241,8472,910.972,9.152,
48,239,Jackson,TX,-96.594369,28.959201,14988,829.443,27.429,
48,241,Jasper,TX,-93.993279,30.731569,32980,938.655,31.043,
48,243,Jeff Davis,TX,-103.99692,30.608875,1996,2264.556,0.08,
48,247,Jim Hogg,TX,-98.685247,27.303139,4838,1136.173,0.036,
48,255,Karnes,TX,-97.870329,28.85811,14710,747.752,5.796,
48,261,Kenedy,TX,-97.788911,27.104123,350,1458.562,487.233,
48,263,Kent,TX,-100.625144,33.25047,753,902.507,0.411,
48,267,Kimble,TX,-99.727741,30.486259,4286,1250.98,0.195,
48,269,King,TX,-100.29575,33.644368,265,910.873,2.47,
48,271,Kinney,TX,-100.41821,29.303419,3129,1360.533,4.589,
48,275,Knox,TX,-99.703999,33.459835,3353,850.621,4.86,
48,279,Lamb,TX,-102.324682,34.028312,13045,1016.181,1.534,
48,283,La Salle,TX,-99.246365,28.353424,6664,1486.704,7.53,
48,285,Lavaca,TX,-97.04381,29.407088,20337,969.709,0.727,
48,287,Lee,TX,-96.971427,30.274826,17478,629.04,5.067,
48,289,Leon,TX,-96.04831,31.291285,15719,1073.156,7.463,
48,293,Limestone,TX,-96.519096,31.59043,22146,905.43,27.734,
48,295,Lipscomb,TX,-100.363063,36.386639,3059,932.214,0.115,
48,297,Live Oak,TX,-98.108137,28.336604,11335,1039.695,39.183,
48,299,Llano,TX,-98.508665,30.680229,21243,934.064,31.792,
48,301,Loving,TX,-103.608978,31.777896,64,668.818,7.715,
48,307,McCulloch,TX,-99.338842,31.148033,7630,1065.601,7.833,
48,311,McMullen,TX,-98.523036,28.438706,600,1139.799,16.983,
48,313,Madison,TX,-95.899678,30.955832,13455,466.065,6.368,
48,315,Marion,TX,-94.423174,32.789481,9725,380.902,39.421,
48,319,Mason,TX,-99.220235,30.754424,3953,928.836,3.38,
48,327,Menard,TX,-99.776701,30.901087,1962,902.027,0.237,
48,331,Milam,TX,-97.008624,30.744263,24754,1016.356,4.568,
48,333,Mills,TX,-98.578378,31.483977,4456,748.225,1.554,
48,335,Mitchell,TX,-100.864009,32.392285,8990,911.09,4.822,
48,337,Montague,TX,-97.760712,33.632783,19965,930.906,7.37,
48,345,Motley,TX,-100.842931,34.013578,1063,989.566,0.249,
48,351,Newton,TX,-93.754831,30.685761,12217,933.677,6.051,
48,357,Ochiltree,TX,-100.810093,36.381051,10015,917.685,0.514,
48,365,Panola,TX,-94.335132,32.163354,22491,811.355,9.966,
48,369,Parmer,TX,-102.815696,34.540661,9869,880.82,4.384,
48,371,Pecos,TX,-102.79926,30.89706,15193,4763.835,0.978,
48,373,Polk,TX,-94.936813,30.736484,50123,1057.045,52.615,
48,377,Presidio,TX,-104.249357,29.838522,6131,3855.252,0.685,
48,379,Rains,TX,-95.795059,32.885663,12164,229.453,29.374,
48,383,Reagan,TX,-101.466333,31.214335,3385,1175.314,0.692,
48,385,Real,TX,-99.823692,29.723692,2758,699.159,0.906,
48,391,Refugio,TX,-97.247591,28.290523,6741,770.484,47.756,
48,399,Runnels,TX,-99.99361,31.79918,9900,1051.07,6.025,
48,403,Sabine,TX,-93.84941,31.339019,9894,491.71,84.918,
48,405,San Augustine,TX,-94.152849,31.441095,7918,530.659,61.639,
48,411,San Saba,TX,-98.760354,31.188156,5730,1135.313,3.205,
48,413,Schleicher,TX,-100.592817,30.869698,2451,1310.642,0.034,
48,417,Shackelford,TX,-99.306244,32.690986,3105,914.286,1.262,
48,419,Shelby,TX,-94.181492,31.823503,24022,795.589,39.028,
48,421,Sherman,TX,-102.008261,36.33275,2782,922.86,0.164,
48,425,Somervell,TX,-97.752235,32.234974,9205,186.377,5.487,
48,429,Stephens,TX,-98.902179,32.75621,9101,896.721,24.768,
48,431,Sterling,TX,-100.993285,31.83476,1372,923.449,0.065,
48,433,Stonewall,TX,-100.232471,33.144536,1245,916.313,3.93,
48,435,Sutton,TX,-100.627673,30.563302,3372,1453.935,0.493,
48,437,Swisher,TX,-101.771575,34.532201,6971,890.16,10.532,
48,443,Terrell,TX,-102.352197,30.160108,760,2357.958,0.1,
48,445,Terry,TX,-102.271846,33.182705,11831,888.839,2.102,
48,447,Throckmorton,TX,-99.139569,33.141356,1440,912.552,2.929,
48,455,Trinity,TX,-95.244685,30.998905,13602,693.795,20.178,
48,457,Tyler,TX,-94.367741,30.738682,19798,924.39,11.233,
48,461,Upton,TX,-102.124982,31.180959,3308,1241.323,0.179,
48,467,Van Zandt,TX,-95.837646,32.577505,59541,842.572,17.046,
48,475,Ward,TX,-102.912603,31.56929,11644,835.603,0.241,
48,483,Wheeler,TX,-100.263458,35.352532,4990,914.533,0.948,
48,495,Winkler,TX,-103.0992,31.842332,7791,841.269,0.008,
48,499,Wood,TX,-95.400092,32.776047,44843,645.243,50.476,
48,501,Yoakum,TX,-102.833127,33.022609,7694,799.715,0.013,
48,503,Young,TX,-98.624184,33.164283,17867,914.498,16.36,
48,507,Zavala,TX,-99.810168,28.74941,9670,1297.407,4.328,
49,1,Beaver,UT,-112.762542,38.29808,7072,2582.901,2.046,
49,9,Daggett,UT,-109.647096,40.967095,935,696.986,23.641,
49,13,Duchesne,UT,-110.162356,40.289458,19596,3235.344,14.98,
49,15,Emery,UT,-110.929942,39.217578,9825,4462.277,9.592,
49,17,Garfield,UT,-112.100464,37.765439,5083,5175.149,33.055,
49,19,Grand,UT,-109.528693,38.569056,9669,3672.744,12.182,
49,25,Kane,UT,-112.452998,37.112169,7667,3989.946,118.213,
49,27,Millard,UT,-112.485634,39.209257,12975,6785.5,51.472,
49,31,Piute,UT,-112.21441,38.277169,1438,758.438,7.832,
49,37,San Juan,UT,-109.545503,37.52052,14518,7819.795,113.444,
49,39,Sanpete,UT,-111.605199,39.384535,28437,1589.931,12.374,
49,41,Sevier,UT,-112.044688,38.771786,21522,1910.434,7.823,
49,55,Wayne,UT,-111.473883,38.361712,2486,2461.02,5.811,
50,1,Addison,VT,-73.165381,44.060543,37363,766.108,41.433,
50,5,Caledonia,VT,-72.076449,44.466488,30233,648.757,8.639,
50,9,Essex,VT,-71.741708,44.663681,5920,662.539,11.079,
50,15,Lamoille,VT,-72.655635,44.583725,25945,462.253,4.902,
50,19,Orleans,VT,-72.225524,44.862555,27393,694.514,27.576,
51,1,Accomack,VA,-75.629449,37.789059,33413,449.317,860.722,
51,5,Alleghany,VA,-79.929858,37.802458,15223,446.572,3.152,
51,17,Bath,VA,-79.758923,38.018911,4209,529.202,5.421,
51,21,Bland,VA,-81.087264,37.150078,6270,357.651,0.983,
51,25,Brunswick,VA,-77.863297,36.758266,15849,566.234,3.237,
51,27,Buchanan,VA,-82.059132,37.264124,20355,502.854,1.083,
51,29,Buckingham,VA,-78.485095,37.580161,16824,579.623,3.827,
51,33,Caroline,VA,-77.438652,38.0087,30887,527.363,9.625,
51,35,Carroll,VA,-80.762136,36.713036,29155,474.744,2.929,
51,37,Charlotte,VA,-78.630278,37.02206,11529,475.296,2.243,
51,49,Cumberland,VA,-78.258673,37.481359,9675,297.474,2.285,
51,51,Dickenson,VA,-82.378751,37.143369,14124,330.451,3.119,
51,57,Essex,VA,-76.901329,37.908781,10599,257.335,28.879,
51,77,Grayson,VA,-81.114627,36.645604,15333,441.785,3.781,
51,81,Greensville,VA,-77.536797,36.723794,11391,295.227,1.578,
51,83,Halifax,VA,-78.926925,36.748512,34022,817.731,11.786,
51,91,Highland,VA,-79.570507,38.386566,2232,415.163,0.692,
51,99,King George,VA,-77.163647,38.290179,26723,179.628,8.142,
51,103,Lancaster,VA,-76.435886,37.703954,10919,133.306,98.114,
51,105,Lee,VA,-83.102612,36.714437,22173,435.378,1.891,
51,109,Louisa,VA,-77.971413,37.982264,37596,495.047,14.603,
51,111,Lunenburg,VA,-78.216617,36.970037,11936,431.7,0.673,
51,113,Madison,VA,-78.234462,38.376095,13837,320.638,1.238,
51,117,Mecklenburg,VA,-78.318472,36.690417,30319,625.31,53.921,
51,119,Middlesex,VA,-76.503852,37.601288,10625,130.33,80.429,
51,131,Northampton,VA,-75.919193,37.388365,12282,211.712,583.543,
51,133,Northumberland,VA,-76.408327,37.888285,11839,191.432,94.165,
51,135,Nottoway,VA,-78.078841,37.1463,15642,314.39,1.659,
51,139,Page,VA,-78.500572,38.60454,23709,310.021,3.232,
51,141,Patrick,VA,-80.284499,36.654401,17608,482.954,2.757,
51,147,Prince Edward,VA,-78.422205,37.257792,21849,349.946,3.892,
51,159,Richmond,VA,-76.716497,37.947361,8923,191.478,24.888,
51,163,Rockbridge,VA,-79.427154,37.787711,22650,596.543,3.411,
51,167,Russell,VA,-82.086825,36.935321,25781,473.524,2.915,
51,171,Shenandoah,VA,-78.526715,38.870724,44186,508.079,3.752,
51,173,Smyth,VA,-81.574516,36.828217,29800,451.44,1.269,
51,175,Southampton,VA,-77.067406,36.717292,17996,599.196,3.124,
51,193,Westmoreland,VA,-76.854228,38.160791,18477,229.326,23.594,
51,195,Wise,VA,-82.612989,36.951164,36130,403.44,2.029,
51,197,Wythe,VA,-81.06853,36.919638,28290,461.952,2.792,
51,530,Buena Vista,VA,-79.352679,37.733971,6641,6.438,0.085,
51,580,Covington,VA,-79.989386,37.781159,5737,5.469,0.201,
51,595,Emporia,VA,-77.541334,36.692193,5766,6.904,0.064,
51,620,Franklin,VA,-76.937037,36.679019,8180,8.277,0.088,
51,640,Galax,VA,-80.918852,36.666194,6720,8.236,0.041,
51,678,Lexington,VA,-79.443722,37.784392,7320,2.499,0.026,
51,720,Norton,VA,-82.623258,36.937981,3687,7.477,0.034,
53,13,Columbia,WA,-117.976206,46.323102,3952,868.585,4.85,
53,19,Ferry,WA,-118.520753,48.617553,7178,2203.241,54.168,
53,23,Garfield,WA,-117.577877,46.472066,2286,710.835,7.45,
53,39,Klickitat,WA,-121.146148,45.79839,22735,1871.636,32.792,
53,43,Lincoln,WA,-118.324539,47.638472,10876,2310.598,29.06,
53,47,Okanogan,WA,-119.591995,48.446072,42104,5266.201,46.492,
53,49,Pacific,WA,-123.904809,46.524578,23365,933.609,292.928,
53,51,Pend Oreille,WA,-117.224181,48.281535,13401,1400.245,25.254,
53,55,San Juan,WA,-122.979166,48.575232,17788,173.913,446.905,
53,69,Wahkiakum,WA,-123.426151,46.236473,4422,262.926,23.772,
54,1,Barbour,WV,-80.004391,39.110076,15465,341.059,1.791,
54,7,Braxton,WV,-80.723592,38.691905,12447,510.735,5.539,
54,13,Calhoun,WV,-81.104396,38.852608,6229,279.25,1.43,
54,21,Gilmer,WV,-80.826516,38.923122,7408,338.503,1.576,
54,23,Grant,WV,-79.16103,39.058737,10976,477.372,2.914,
54,25,Greenbrier,WV,-80.490891,37.854476,32977,1019.813,4.697,
54,31,Hardy,WV,-78.88137,39.039184,14299,582.315,2.171,
54,35,Jackson,WV,-81.713096,38.83984,27791,464.359,7.27,
54,41,Lewis,WV,-80.4678,39.034218,17033,386.93,2.717,
54,43,Lincoln,WV,-82.066388,38.201811,20463,437.093,1.565,
54,45,Logan,WV,-81.972493,37.856159,32567,453.717,1.833,
54,47,McDowell,WV,-81.656256,37.396396,19111,533.458,1.441,
54,53,Mason,WV,-82.058308,38.827547,25453,430.768,13.948,
54,59,Mingo,WV,-82.153272,37.704029,23568,423.14,0.841,
54,63,Monroe,WV,-80.641965,37.524766,12376,472.754,0.887,
54,67,Nicholas,WV,-80.77232,38.278413,24604,646.846,7.56,
54,71,Pendleton,WV,-79.337977,38.672348,6143,696.05,2.096,
54,73,Pleasants,WV,-81.192758,39.383391,7653,130.119,4.428,
54,75,Pocahontas,WV,-80.021443,38.286975,7869,940.239,1.581,
54,85,Ritchie,WV,-81.041532,39.217711,8444,451.99,1.708,
54,87,Roane,WV,-81.345745,38.728527,14028,483.563,0.156,
54,89,Summers,WV,-80.849424,37.665228,11959,360.592,7.134,
54,93,Tucker,WV,-79.602086,39.110662,6762,419.044,2.048,
54,95,Tyler,WV,-80.930534,39.51456,8313,256.302,4.395,
54,97,Upshur,WV,-80.228505,38.954081,23816,354.638,0.117,
54,101,Webster,WV,-80.476189,38.469754,8378,553.47,2.759,
54,103,Wetzel,WV,-80.768843,39.630012,14442,358.067,3.263,
54,109,Wyoming,WV,-81.567271,37.628585,21382,499.47,2.349,
55,1,Adams,WI,-89.78312,43.946194,20654,645.646,41.834,
55,3,Ashland,WI,-90.785419,46.475919,16027,1044.97,1247.391,
55,7,Bayfield,WI,-91.104441,46.594106,16220,1477.874,563.825,
55,11,Buffalo,WI,-91.74144,44.380158,13317,675.791,33.803,
55,13,Burnett,WI,-92.403811,45.836891,16526,821.561,58.664,
55,19,Clark,WI,-90.550998,44.78814,34659,1209.698,8.973,
55,23,Crawford,WI,-91.005118,43.165384,16113,570.648,28.562,
55,29,Door,WI,-87.335769,44.915074,30066,481.963,1888.273,
55,41,Forest,WI,-88.812092,45.563411,9179,1014.244,32.276,
55,47,Green Lake,WI,-89.014675,43.845067,19018,349.544,30.58,
55,51,Iron,WI,-90.189954,46.343183,6137,758.209,160.955,
55,53,Jackson,WI,-90.903038,44.320677,21145,987.915,12.563,
55,57,Juneau,WI,-90.09764,43.843115,26718,767.081,38.085,
55,65,Lafayette,WI,-90.140565,42.663323,16611,633.588,0.98,
55,67,Langlade,WI,-89.104985,45.185054,19491,870.698,17.096,
55,69,Lincoln,WI,-89.686454,45.288548,28415,878.704,28.087,
55,77,Marquette,WI,-89.407897,43.810948,15592,455.712,8.753,
55,85,Oneida,WI,-89.493946,45.71099,37845,1113.944,122.627,
55,91,Pepin,WI,-91.987424,44.591768,7318,232.007,16.696,
55,95,Polk,WI,-92.481404,45.404946,44977,914.32,42.095,
55,99,Price,WI,-90.39805,45.724359,14054,1254.055,23.977,
55,103,Richland,WI,-90.390394,43.350268,17304,586.15,3.148,
55,107,Rusk,WI,-91.130594,45.44497,14188,913.553,17.303,
55,113,Sawyer,WI,-91.345247,45.938054,18074,1257.607,92.631,
55,119,Taylor,WI,-90.408593,45.172334,19913,975.052,9.51,
55,121,Trempealeau,WI,-91.363458,44.287418,30760,732.97,9.005,
55,125,Vilas,WI,-89.496963,45.988218,23047,857.709,160.008,
55,129,Washburn,WI,-91.835392,45.848159,16623,797.114,56.203,
55,135,Waupaca,WI,-88.937028,44.432697,51812,747.695,17.479,
55,137,Waushara,WI,-89.225784,44.101477,24520,626.161,11.234,
56,3,Big Horn,WY,-108.250971,44.635296,11521,3136.957,21.324,
56,7,Carbon,WY,-107.078124,41.659869,14537,7897.803,66.173,
56,9,Converse,WY,-105.520738,42.788528,13751,4254.995,10.065,
56,11,Crook,WY,-104.619744,44.434922,7181,2854.48,10.883,
56,15,Goshen,WY,-104.220172,42.050142,12498,2225.613,6.552,
56,17,Hot Springs,WY,-108.232641,43.661523,4621,2004.431,1.969,
56,19,Johnson,WY,-106.695709,44.288278,8447,4154.152,20.445,
56,23,Lincoln,WY,-110.872872,42.648291,19581,4075.337,19.285,
56,27,Niobrara,WY,-104.450987,42.810897,2467,2626.028,1.919,
56,31,Platte,WY,-104.929825,42.106509,8605,2081.459,29.383,
56,35,Sublette,WY,-109.943507,42.807278,8728,4886.482,49.172,
56,43,Washakie,WY,-107.905059,44.012223,7685,2238.679,4.022,
56,45,Weston,WY,-104.304384,43.908449,6838,2398.005,2.018,
